complaint_id,customer_id,issue_type,severity,complaint_date,resolution_status,resolution_date
CMP00001,CUST003351,Fraudulent Charge,Critical,10-05-2024,Resolved,07-06-2024
CMP00002,CUST007916,Billing Dispute,Critical,05-06-2022,Resolved,29-06-2022
CMP00003,CUST001201,Card Damaged,Medium,24-06-2023,Open,30-06-2023
CMP00004,CUST012855,Card Not Received,Critical,01-02-2023,Resolved,12-02-2023
CMP00005,CUST008858,Statement Error,Low,13-11-2022,Open,05-12-2022
CMP00006,CUST001580,Late Fee Dispute,Low,20-08-2022,In Progress,15-09-2022
CMP00007,CUST008087,Statement Error,High,23-01-2024,Pending Review,23-01-2024
CMP00008,CUST004859,Reward Points Missing,High,14-08-2025,Resolved,09-04-2025
CMP00009,CUST012325,Interest Rate Query,Low,30-12-2025,Escalated,16-08-2023
CMP00010,CUST004021,Interest Rate Query,Medium,13-03-2024,Pending Review,04-01-2024
CMP00011,CUST001919,Interest Rate Query,Low,17-05-2022,In Progress,21-06-2022
CMP00012,CUST007188,Interest Rate Query,Medium,02-08-2023,Open,23-03-2023
CMP00013,CUST007941,Card Not Received,Low,26-03-2025,Pending Review,14-04-2025
CMP00014,CUST005781,Billing Dispute,Low,31-03-2024,In Progress,15-05-2024
CMP00015,CUST011589,Billing Dispute,High,10-04-2023,Escalated,02-11-2023
CMP00016,CUST012128,Billing Dispute,Low,29-01-2022,Open,02-03-2022
CMP00017,CUST008586,App Not Working,Medium,06-02-2025,Resolved,07-07-2025
CMP00018,CUST001759,Late Fee Dispute,High,20-07-2026,Open,24-08-2026
CMP00019,CUST004333,Reward Points Missing,High,22-12-2025,Closed,14-01-2026
CMP00020,CUST005422,Card Damaged,Low,21-06-2023,Resolved,26-06-2023
CMP00021,CUST001477,Fraudulent Charge,High,22-10-2022,Resolved,16-08-2023
CMP00022,CUST009730,Card Damaged,Medium,02-12-2026,Resolved,29-03-2026
CMP00023,CUST006895,Billing Dispute,High,11-02-2025,Resolved,28-11-2025
CMP00024,CUST004840,Reward Points Missing,Critical,29-09-2023,Resolved,29-10-2023
CMP00025,CUST009460,App Not Working,Low,20-09-2023,Resolved,10-10-2023
CMP00026,CUST000555,Card Not Received,Medium,12-12-2024,Open,20-01-2025
CMP00027,CUST007769,Late Fee Dispute,Medium,19-04-2026,Pending Review,16-05-2026
CMP00028,CUST012792,Fraudulent Charge,Medium,14-11-2023,Pending Review,16-08-2023
CMP00029,CUST014675,Wrong Amount Charged,Low,02-07-2025,Resolved,12-02-2025
CMP00030,CUST004846,Reward Points Missing,Critical,10-10-2024,Open,31-10-2024
CMP00031,CUST013410,Card Not Received,High,14-01-2024,In Progress,16-08-2023
CMP00032,CUST012297,Wrong Amount Charged,Low,22-10-2025,Pending Review,28-10-2025
CMP00033,CUST004137,Late Fee Dispute,Critical,08-07-2022,Resolved,24-08-2022
CMP00034,CUST012479,Interest Rate Query,Low,10-05-2025,Resolved,16-08-2023
CMP00035,CUST014110,Statement Error,Low,21-10-2025,Open,Low
CMP00036,CUST000353,Interest Rate Query,Medium,16-09-2025,In Progress,30-10-2025
CMP00037,CUST007594,Interest Rate Query,Medium,03-07-2026,Pending Review,14-03-2026
CMP00038,CUST009923,Wrong Amount Charged,Low,30-03-2025,Closed,05-12-2025
CMP00039,CUST010726,Statement Error,High,29-09-2022,Resolved,10-11-2022
CMP00040,CUST011165,Billing Dispute,Low,24-08-2022,Open,03-09-2022
CMP00041,CUST011239,App Not Working,Low,23-07-2025,Open,27-08-2025
CMP00042,CUST001700,Billing Dispute,High,04-02-2026,Escalated,16-03-2026
CMP00043,CUST003389,Statement Error,Low,01-04-2023,Open,Low
CMP00044,CUST012964,Fraudulent Charge,High,01-06-2023,Escalated,15-06-2023
CMP00045,CUST010767,Statement Error,Critical,05-09-2025,Escalated,19-10-2025
CMP00046,CUST000015,Billing Dispute,Medium,05-03-2026,In Progress,31-03-2026
CMP00047,CUST014617,Card Not Received,High,15-03-2025,Closed,20-04-2025
CMP00048,CUST002858,App Not Working,Critical,02-06-2026,Resolved,17-07-2026
CMP00049,CUST000675,Late Fee Dispute,Low,13-06-2025,Resolved,07-11-2025
CMP00050,CUST004956,Fraudulent Charge,High,01-01-2026,Open,08-02-2026
CMP00051,CUST012557,Statement Error,Low,05-08-2025,Resolved,16-08-2023
CMP00052,CUST001084,Reward Points Missing,Low,03-09-2022,Open,15-10-2022
CMP00053,CUST012330,App Not Working,Low,15-11-2023,Open,27-12-2023
CMP00054,CUST002782,Card Damaged,Low,18-07-2023,Open,22-07-2023
CMP00055,CUST013225,Reward Points Missing,High,09-12-2023,Pending Review,16-08-2023
CMP00056,CUST001276,App Not Working,Low,03-03-2025,In Progress,01-04-2025
CMP00057,CUST008501,Statement Error,High,03-04-2025,Resolved,16-08-2023
CMP00058,CUST008126,App Not Working,Low,04-07-2026,Closed,08-12-2026
CMP00059,CUST011494,Billing Dispute,Medium,30-10-2025,Resolved,12-06-2025
CMP00060,CUST009632,Statement Error,Critical,03-04-2022,Resolved,16-08-2023
CMP00061,CUST005698,Wrong Amount Charged,Low,27-05-2024,Open,16-08-2023
CMP00062,CUST009289,Wrong Amount Charged,Medium,21-05-2025,Resolved,31-05-2025
CMP00063,CUST014874,Fraudulent Charge,Low,21-03-2023,Resolved,04-09-2023
CMP00064,CUST007492,Fraudulent Charge,Critical,11-03-2025,In Progress,14-04-2025
CMP00065,CUST009942,Interest Rate Query,Low,27-10-2025,Open,16-11-2025
CMP00066,CUST006403,Card Damaged,Low,18-04-2024,Open,Low
CMP00067,CUST007829,Interest Rate Query,Medium,09-10-2022,Closed,27-09-2022
CMP00068,CUST012097,Billing Dispute,Low,15-04-2025,Resolved,16-08-2023
CMP00069,CUST005685,Reward Points Missing,Low,16-06-2022,Pending Review,28-07-2022
CMP00070,CUST005554,Wrong Amount Charged,Low,02-09-2022,Open,18-09-2022
CMP00071,CUST006813,Fraudulent Charge,High,15-07-2023,Escalated,07-08-2023
CMP00072,CUST004899,App Not Working,Low,08-05-2023,Open,Low
CMP00073,CUST010287,Statement Error,Low,21-08-2024,Pending Review,10-03-2024
CMP00074,CUST005256,Reward Points Missing,Medium,02-07-2024,Pending Review,25-02-2024
CMP00075,CUST004982,Reward Points Missing,Medium,21-04-2025,Pending Review,28-04-2025
CMP00076,CUST012862,Billing Dispute,Low,14-07-2022,Closed,14-07-2022
CMP00077,CUST007637,Interest Rate Query,Medium,05-05-2022,Open,06-10-2022
CMP00078,CUST012794,Interest Rate Query,Low,31-03-2026,Open,27-04-2026
CMP00079,CUST002685,Late Fee Dispute,High,05-02-2024,Closed,31-05-2024
CMP00080,CUST008090,Card Not Received,High,02-04-2023,Resolved,02-04-2023
CMP00081,CUST005685,Card Not Received,Critical,22-12-2023,Resolved,27-01-2024
CMP00082,CUST010516,Wrong Amount Charged,Low,20-03-2026,Pending Review,20-03-2026
CMP00083,CUST006832,Wrong Amount Charged,Medium,26-02-2025,Resolved,03-02-2025
CMP00084,CUST014705,Card Damaged,High,27-09-2023,Open,23-10-2023
CMP00085,CUST013948,Card Damaged,Low,19-06-2023,Open,18-07-2023
CMP00086,CUST003127,Statement Error,Medium,03-04-2024,Pending Review,04-01-2024
CMP00087,CUST013415,App Not Working,High,11-02-2026,Open,16-08-2023
CMP00088,CUST014658,Statement Error,Low,28-03-2026,Open,16-08-2023
CMP00089,CUST013749,Card Damaged,High,01-01-2022,In Progress,23-01-2022
CMP00090,CUST006500,Reward Points Missing,Low,10-06-2023,Resolved,23-07-2023
CMP00091,CUST001565,Late Fee Dispute,High,19-05-2024,Open,16-08-2023
CMP00092,CUST006982,Interest Rate Query,High,02-12-2023,Pending Review,16-08-2023
CMP00093,CUST013730,Billing Dispute,High,28-04-2024,In Progress,18-05-2024
CMP00094,CUST007944,Wrong Amount Charged,Low,14-09-2024,Pending Review,16-08-2023
CMP00095,CUST013583,Reward Points Missing,Medium,10-06-2024,Pending Review,18-06-2024
CMP00096,CUST000974,Billing Dispute,Low,22-11-2024,In Progress,12-12-2024
CMP00097,CUST001715,Card Not Received,Medium,06-01-2023,Pending Review,25-01-2023
CMP00098,CUST014408,Interest Rate Query,Low,06-10-2023,In Progress,29-10-2023
CMP00099,CUST014250,Wrong Amount Charged,High,14-06-2025,Pending Review,16-08-2023
CMP00100,CUST005447,Interest Rate Query,Low,20-02-2025,Open,13-03-2025
CMP00101,CUST013502,Statement Error,Low,28-07-2025,Open,04-08-2025
CMP00102,CUST003212,Reward Points Missing,High,18-08-2026,Pending Review,23-09-2026
CMP00103,CUST010767,Fraudulent Charge,High,27-04-2026,Escalated,28-04-2026
CMP00104,CUST002049,Fraudulent Charge,Low,20-12-2023,Open,02-02-2024
CMP00105,CUST002118,Statement Error,Medium,08-09-2026,Resolved,20-09-2026
CMP00106,CUST012518,Late Fee Dispute,High,15-03-2022,Open,18-03-2022
CMP00107,CUST005191,App Not Working,Critical,18-10-2024,In Progress,26-11-2024
CMP00108,CUST003341,App Not Working,High,30-10-2022,Escalated,16-08-2023
CMP00109,CUST005945,Card Damaged,Medium,18-11-2025,Closed,16-08-2023
CMP00110,CUST000691,Late Fee Dispute,Critical,16-06-2026,Resolved,16-08-2023
CMP00111,CUST005430,Wrong Amount Charged,Low,28-12-2023,Resolved,01-02-2024
CMP00112,CUST001904,Card Not Received,Low,03-05-2023,Open,23-05-2023
CMP00113,CUST002430,Card Damaged,Low,09-07-2023,Open,13-09-2023
CMP00114,CUST012071,Card Not Received,Low,15-01-2024,Open,19-01-2024
CMP00115,CUST006507,Late Fee Dispute,Low,01-02-2026,Escalated,16-08-2023
CMP00116,CUST013047,Late Fee Dispute,High,18-04-2025,Open,05-07-2025
CMP00117,CUST007153,Card Not Received,Low,28-12-2023,Resolved,14-01-2024
CMP00118,CUST001195,Wrong Amount Charged,Medium,06-01-2026,Closed,06-12-2026
CMP00119,CUST008414,Card Damaged,Medium,07-05-2025,In Progress,16-08-2023
CMP00120,CUST011661,Fraudulent Charge,High,12-06-2024,Closed,16-06-2024
CMP00121,CUST004387,Reward Points Missing,Low,23-12-2025,Closed,27-01-2026
CMP00122,CUST003285,Statement Error,High,31-05-2023,Open,28-06-2023
CMP00123,CUST011126,Card Not Received,Low,30-07-2025,Closed,16-08-2023
CMP00124,CUST007917,Interest Rate Query,High,25-12-2023,Resolved,16-08-2023
CMP00125,CUST008288,Fraudulent Charge,Low,22-06-2025,Escalated,19-07-2025
CMP00126,CUST008142,Interest Rate Query,Low,08-12-2022,Open,14-01-2023
CMP00127,CUST007178,Reward Points Missing,Low,13-02-2023,Escalated,25-03-2023
CMP00128,CUST007085,Wrong Amount Charged,Medium,25-04-2023,Resolved,05-08-2023
CMP00129,CUST000947,App Not Working,High,03-11-2023,Escalated,03-04-2023
CMP00130,CUST006432,Card Damaged,Critical,28-07-2026,Resolved,31-08-2026
CMP00131,CUST010352,Fraudulent Charge,Medium,30-07-2023,Escalated,18-08-2023
CMP00132,CUST001299,Late Fee Dispute,Medium,30-04-2026,Resolved,16-08-2023
CMP00133,CUST004758,Late Fee Dispute,Medium,03-12-2024,Resolved,19-03-2024
CMP00134,CUST013188,Card Damaged,Medium,18-05-2023,In Progress,25-05-2023
CMP00135,CUST013931,Card Damaged,Low,29-08-2023,Resolved,16-08-2023
CMP00136,CUST011831,Late Fee Dispute,Low,07-09-2022,Closed,06-08-2022
CMP00137,CUST012290,Statement Error,Critical,17-10-2023,In Progress,25-11-2023
CMP00138,CUST009172,Wrong Amount Charged,Medium,01-10-2025,Open,31-10-2025
CMP00139,CUST009207,Fraudulent Charge,High,18-04-2022,Escalated,26-04-2022
CMP00140,CUST012865,Wrong Amount Charged,High,13-12-2025,Escalated,30-12-2025
CMP00141,CUST003756,Statement Error,Medium,17-05-2024,In Progress,20-06-2024
CMP00142,CUST013405,Wrong Amount Charged,Low,26-08-2025,Open,10-06-2025
CMP00143,CUST010719,Reward Points Missing,Critical,16-04-2025,Resolved,28-05-2025
CMP00144,CUST002244,Card Not Received,Low,27-06-2025,Open,Low
CMP00145,CUST010828,Statement Error,Medium,29-12-2023,Closed,30-01-2024
CMP00146,CUST008670,Card Damaged,Low,20-11-2023,Open,16-08-2023
CMP00147,CUST010007,Card Not Received,Medium,23-07-2025,Closed,16-08-2023
CMP00148,CUST006268,Late Fee Dispute,High,01-09-2022,Resolved,02-03-2022
CMP00149,CUST012646,Wrong Amount Charged,Low,02-08-2024,Pending Review,Low
CMP00150,CUST013434,Statement Error,High,04-11-2024,Pending Review,25-05-2024
CMP00151,CUST011481,Reward Points Missing,Critical,20-07-2022,Resolved,24-07-2022
CMP00152,CUST004365,Late Fee Dispute,Medium,01-08-2023,Pending Review,Low
CMP00153,CUST012733,Card Damaged,High,22-09-2024,Open,30-10-2024
CMP00154,CUST010389,Late Fee Dispute,High,26-04-2022,Escalated,05-02-2022
CMP00155,CUST004434,Reward Points Missing,Low,05-08-2024,Open,29-05-2024
CMP00156,CUST010874,Fraudulent Charge,High,28-02-2023,Closed,05-03-2023
CMP00157,CUST009914,Card Damaged,Critical,30-10-2022,Open,11-12-2022
CMP00158,CUST003585,Billing Dispute,Critical,05-05-2024,Pending Review,16-08-2023
CMP00159,CUST001887,App Not Working,Low,28-08-2022,Open,Low
CMP00160,CUST006915,Reward Points Missing,Low,22-04-2022,Open,20-05-2022
CMP00161,CUST010047,Card Damaged,Low,20-02-2023,Escalated,04-03-2023
CMP00162,CUST007374,Late Fee Dispute,Low,18-10-2025,Resolved,08-11-2025
CMP00163,CUST004392,Statement Error,Low,22-09-2024,Pending Review,06-10-2024
CMP00164,CUST008868,Statement Error,Low,10-07-2022,Resolved,08-11-2022
CMP00165,CUST011280,App Not Working,Critical,16-02-2023,Open,18-02-2023
CMP00166,CUST011780,Late Fee Dispute,Medium,05-04-2023,In Progress,16-05-2023
CMP00167,CUST006439,App Not Working,Medium,16-10-2024,Pending Review,16-10-2024
CMP00168,CUST003754,Statement Error,Low,04-02-2025,Open,20-04-2025
CMP00169,CUST012868,Late Fee Dispute,Low,20-08-2022,Open,09-02-2022
CMP00170,CUST005875,Billing Dispute,High,05-06-2022,Open,17-07-2022
CMP00171,CUST009638,Card Damaged,High,24-02-2022,Resolved,05-04-2022
CMP00172,CUST011633,Late Fee Dispute,High,12-10-2024,Open,13-01-2025
CMP00173,CUST011970,Reward Points Missing,Low,02-09-2024,Open,25-09-2024
CMP00174,CUST000737,Reward Points Missing,Low,26-04-2025,Escalated,26-05-2025
CMP00175,CUST009814,Reward Points Missing,Medium,22-06-2026,Closed,18-07-2026
CMP00176,CUST000353,Wrong Amount Charged,Low,04-12-2022,Pending Review,21-12-2022
CMP00177,CUST013495,Late Fee Dispute,High,10-12-2022,Pending Review,16-08-2023
CMP00178,CUST004248,Billing Dispute,Low,23-08-2024,Open,Low
CMP00179,CUST008311,Wrong Amount Charged,Low,02-03-2023,Open,Low
CMP00180,CUST005740,Late Fee Dispute,Low,28-06-2024,Closed,29-06-2024
CMP00181,CUST003439,Wrong Amount Charged,High,02-12-2025,Open,14-01-2026
CMP00182,CUST011127,Interest Rate Query,Low,11-04-2025,Open,11-11-2025
CMP00183,CUST005070,Reward Points Missing,Critical,15-05-2026,Open,15-05-2026
CMP00184,CUST011398,Card Not Received,Low,23-07-2026,Resolved,08-09-2026
CMP00185,CUST007084,Late Fee Dispute,High,18-03-2022,Escalated,13-04-2022
CMP00186,CUST013364,App Not Working,Low,04-08-2023,Open,16-08-2023
CMP00187,CUST014718,Wrong Amount Charged,Low,22-03-2024,Open,04-04-2024
CMP00188,CUST006044,Statement Error,Low,14-07-2024,Escalated,26-08-2024
CMP00189,CUST005075,Card Damaged,Low,17-03-2026,Pending Review,14-04-2026
CMP00190,CUST012440,Card Not Received,Critical,18-03-2023,Resolved,16-08-2023
CMP00191,CUST002542,Late Fee Dispute,Medium,01-08-2023,In Progress,18-02-2023
CMP00192,CUST009525,Fraudulent Charge,Critical,24-01-2022,Resolved,28-01-2022
CMP00193,CUST013116,Card Damaged,Medium,15-04-2023,Closed,26-05-2023
CMP00194,CUST002932,Card Not Received,Low,17-04-2026,Resolved,Low
CMP00195,CUST011281,App Not Working,High,01-08-2023,In Progress,16-08-2023
CMP00196,CUST003024,Statement Error,High,08-10-2025,In Progress,18-08-2025
CMP00197,CUST011768,App Not Working,Low,20-10-2023,Escalated,02-12-2023
CMP00198,CUST005305,App Not Working,Medium,10-11-2024,Open,27-10-2024
CMP00199,CUST011193,Wrong Amount Charged,High,21-06-2023,Open,21-06-2023
CMP00200,CUST004350,Fraudulent Charge,Low,01-08-2026,Resolved,Low
CMP00201,CUST006424,Reward Points Missing,Low,21-09-2023,Open,12-10-2023
CMP00202,CUST005681,App Not Working,Critical,18-04-2023,Pending Review,28-04-2023
CMP00203,CUST014077,App Not Working,Low,24-08-2022,Resolved,16-08-2023
CMP00204,CUST002322,Statement Error,High,03-12-2022,Resolved,01-11-2023
CMP00205,CUST014110,Card Not Received,Medium,11-01-2025,In Progress,19-02-2025
CMP00206,CUST006030,Interest Rate Query,Medium,01-08-2026,Escalated,16-08-2023
CMP00207,CUST000642,Wrong Amount Charged,Critical,26-11-2024,Resolved,01-12-2024
CMP00208,CUST000497,Billing Dispute,High,21-11-2025,Open,16-08-2023
CMP00209,CUST011562,Late Fee Dispute,High,21-05-2025,Resolved,27-06-2025
CMP00210,CUST010975,Wrong Amount Charged,High,14-08-2024,In Progress,13-09-2024
CMP00211,CUST012314,Interest Rate Query,Medium,18-11-2024,Escalated,21-11-2024
CMP00212,CUST004620,App Not Working,Low,12-11-2023,Closed,02-12-2023
CMP00213,CUST003649,Reward Points Missing,Critical,22-09-2025,In Progress,14-10-2025
CMP00214,CUST002125,App Not Working,Medium,14-03-2022,In Progress,06-04-2022
CMP00215,CUST008636,Card Damaged,Low,27-11-2023,Pending Review,Low
CMP00216,CUST010985,Card Damaged,Critical,30-08-2023,In Progress,16-09-2023
CMP00217,CUST012054,Billing Dispute,Low,21-07-2024,Open,23-07-2024
CMP00218,CUST001642,Billing Dispute,Low,11-12-2022,Resolved,22-12-2022
CMP00219,CUST001231,App Not Working,Low,07-08-2026,Open,11-08-2026
CMP00220,CUST007924,Statement Error,Medium,09-04-2025,Escalated,26-04-2025
CMP00221,CUST002797,Late Fee Dispute,Critical,28-02-2026,Open,20-03-2026
CMP00222,CUST004993,Fraudulent Charge,Critical,14-05-2022,Pending Review,28-06-2022
CMP00223,CUST007947,Card Not Received,Critical,02-07-2022,Open,15-03-2022
CMP00224,CUST007460,Billing Dispute,Low,05-05-2024,Escalated,04-06-2024
CMP00225,CUST010599,Fraudulent Charge,Low,11-12-2023,Escalated,17-01-2024
CMP00226,CUST000555,Billing Dispute,Low,23-07-2022,Open,23-08-2022
CMP00227,CUST013443,Interest Rate Query,Medium,04-03-2022,Open,16-08-2023
CMP00228,CUST009353,Interest Rate Query,High,23-03-2026,Open,26-03-2026
CMP00229,CUST002057,App Not Working,Low,11-08-2026,Escalated,18-08-2026
CMP00230,CUST005246,Interest Rate Query,Medium,07-08-2024,Resolved,26-07-2024
CMP00231,CUST011507,Statement Error,Low,26-05-2022,Escalated,20-06-2022
CMP00232,CUST013252,Statement Error,High,07-05-2024,Resolved,16-08-2023
CMP00233,CUST005771,App Not Working,Medium,19-03-2023,Pending Review,20-03-2023
CMP00234,CUST014209,Billing Dispute,High,03-04-2023,Open,30-03-2023
CMP00235,CUST014663,App Not Working,Critical,30-01-2025,Resolved,19-02-2025
CMP00236,CUST009742,Late Fee Dispute,Medium,10-03-2023,Pending Review,16-08-2023
CMP00237,CUST012211,Card Not Received,High,08-06-2026,Pending Review,09-08-2026
CMP00238,CUST003256,Fraudulent Charge,Low,11-03-2025,Open,12-11-2025
CMP00239,CUST012985,Card Damaged,Low,26-05-2025,Open,09-06-2025
CMP00240,CUST014252,Billing Dispute,Low,03-06-2022,Closed,12-03-2022
CMP00241,CUST014358,Statement Error,Medium,29-06-2024,Open,08-11-2024
CMP00242,CUST001679,Late Fee Dispute,Low,13-11-2025,Resolved,17-12-2025
CMP00243,CUST012917,Wrong Amount Charged,Critical,28-04-2024,Closed,31-05-2024
CMP00244,CUST007694,Interest Rate Query,Medium,19-02-2026,Closed,28-03-2026
CMP00245,CUST000997,Wrong Amount Charged,Medium,19-05-2024,Resolved,24-05-2024
CMP00246,CUST007658,Card Not Received,High,17-04-2026,Closed,16-08-2023
CMP00247,CUST014521,Wrong Amount Charged,Low,03-05-2026,Escalated,16-08-2023
CMP00248,CUST010126,Reward Points Missing,Medium,05-03-2024,Escalated,26-05-2024
CMP00249,CUST007977,Interest Rate Query,Low,28-03-2026,Resolved,23-04-2026
CMP00250,CUST004088,Late Fee Dispute,Medium,01-10-2024,Escalated,10-07-2024
CMP00251,CUST013876,Late Fee Dispute,Medium,15-06-2024,In Progress,15-06-2024
CMP00252,CUST013509,Interest Rate Query,Medium,13-02-2026,In Progress,02-03-2026
CMP00253,CUST008997,Card Not Received,Low,28-08-2024,Closed,10-05-2024
CMP00254,CUST013274,Interest Rate Query,High,22-03-2023,Resolved,05-04-2023
CMP00255,CUST005752,Reward Points Missing,Low,04-02-2023,Open,12-03-2023
CMP00256,CUST006697,App Not Working,Low,29-08-2023,Escalated,09-12-2023
CMP00257,CUST002821,Wrong Amount Charged,High,18-06-2024,Open,16-08-2023
CMP00258,CUST011265,Interest Rate Query,Medium,30-10-2022,Closed,12-04-2022
CMP00259,CUST006991,Fraudulent Charge,Low,23-08-2024,Resolved,17-09-2024
CMP00260,CUST008799,Reward Points Missing,Low,03-11-2023,Open,29-11-2023
CMP00261,CUST002593,Card Damaged,Low,06-05-2025,Resolved,16-08-2023
CMP00262,CUST010796,Interest Rate Query,Low,19-02-2025,Open,Low
CMP00263,CUST009603,Statement Error,Low,05-01-2022,In Progress,17-05-2022
CMP00264,CUST008489,Reward Points Missing,High,15-05-2023,Escalated,28-06-2023
CMP00265,CUST001389,Statement Error,Low,16-06-2026,Pending Review,26-07-2026
CMP00266,CUST006215,Reward Points Missing,Medium,28-11-2024,Closed,09-12-2024
CMP00267,CUST014165,Interest Rate Query,Medium,14-09-2023,Resolved,24-09-2023
CMP00268,CUST003951,Card Damaged,Low,14-12-2023,In Progress,16-08-2023
CMP00269,CUST009917,Card Damaged,High,31-12-2022,Resolved,10-02-2023
CMP00270,CUST008519,Late Fee Dispute,Medium,04-11-2024,Resolved,12-10-2024
CMP00271,CUST007923,Late Fee Dispute,Low,26-02-2022,Resolved,09-04-2022
CMP00272,CUST013507,Card Damaged,Medium,06-11-2022,Resolved,21-06-2022
CMP00273,CUST000633,App Not Working,Critical,11-05-2022,Resolved,16-08-2023
CMP00274,CUST013632,App Not Working,High,03-07-2023,Closed,04-04-2023
CMP00275,CUST001219,Statement Error,High,13-01-2024,Open,15-02-2024
CMP00276,CUST002370,App Not Working,Low,12-12-2023,Pending Review,08-01-2024
CMP00277,CUST008554,Card Damaged,Medium,04-08-2025,Open,09-06-2025
CMP00278,CUST010391,Statement Error,Low,29-03-2023,Closed,16-08-2023
CMP00279,CUST005009,Card Damaged,High,09-12-2025,In Progress,20-09-2025
CMP00280,CUST007743,App Not Working,Medium,20-12-2022,Open,15-01-2023
CMP00281,CUST005403,Reward Points Missing,Medium,20-05-2026,Open,20-06-2026
CMP00282,CUST012800,Reward Points Missing,Low,13-04-2026,Open,18-05-2026
CMP00283,CUST001892,Reward Points Missing,High,26-04-2022,Open,16-05-2022
CMP00284,CUST009557,Interest Rate Query,Medium,12-07-2023,Open,16-08-2023
CMP00285,CUST001179,Card Not Received,High,10-09-2025,Open,16-08-2023
CMP00286,CUST003634,Fraudulent Charge,Low,29-05-2022,Escalated,01-06-2022
CMP00287,CUST008070,Card Damaged,Low,26-05-2026,Resolved,16-08-2023
CMP00288,CUST006520,Card Not Received,Low,27-03-2022,Escalated,04-12-2022
CMP00289,CUST004247,Reward Points Missing,High,06-02-2026,Resolved,02-03-2026
CMP00290,CUST010969,Reward Points Missing,Critical,06-01-2026,Open,02-12-2026
CMP00291,CUST009999,Statement Error,Medium,18-05-2026,Closed,24-05-2026
CMP00292,CUST005251,Billing Dispute,Low,27-09-2023,Closed,10-06-2023
CMP00293,CUST003072,Statement Error,Low,29-11-2025,Open,19-12-2025
CMP00294,CUST001903,Reward Points Missing,Low,22-02-2025,Resolved,14-03-2025
CMP00295,CUST009475,Interest Rate Query,Low,26-06-2026,In Progress,08-02-2026
CMP00296,CUST003012,Reward Points Missing,Low,08-10-2024,Open,04-11-2024
CMP00297,CUST004385,Fraudulent Charge,Low,05-08-2026,Resolved,14-08-2026
CMP00298,CUST006653,Wrong Amount Charged,Low,10-08-2026,Open,23-08-2026
CMP00299,CUST003249,Wrong Amount Charged,Low,13-03-2025,Open,25-04-2025
CMP00300,CUST013561,Billing Dispute,High,18-08-2024,Closed,16-08-2023
CMP00301,CUST006544,Interest Rate Query,High,06-02-2024,Open,16-08-2023
CMP00302,CUST002128,Reward Points Missing,High,08-02-2026,Closed,10-09-2026
CMP00303,CUST001858,Statement Error,High,05-07-2025,Closed,08-05-2025
CMP00304,CUST009616,Statement Error,Medium,15-07-2023,Open,16-08-2023
CMP00305,CUST013536,Card Damaged,Low,02-03-2022,Resolved,Low
CMP00306,CUST000625,Card Damaged,Low,06-04-2025,Escalated,04-08-2025
CMP00307,CUST009119,Fraudulent Charge,Critical,19-07-2023,Resolved,28-07-2023
CMP00308,CUST008152,Statement Error,Low,20-10-2025,Resolved,13-11-2025
CMP00309,CUST012705,Wrong Amount Charged,Low,03-01-2023,Open,02-06-2023
CMP00310,CUST003991,Card Damaged,Low,13-05-2026,Open,03-06-2026
CMP00311,CUST003737,Reward Points Missing,Low,25-09-2024,Pending Review,Low
CMP00312,CUST006304,Card Damaged,Low,04-05-2022,Resolved,15-04-2022
CMP00313,CUST008478,Interest Rate Query,Medium,26-03-2022,Pending Review,05-08-2022
CMP00314,CUST013745,Statement Error,Medium,15-04-2024,Open,23-04-2024
CMP00315,CUST002946,Interest Rate Query,Critical,03-06-2024,Escalated,24-03-2024
CMP00316,CUST005746,Reward Points Missing,High,25-03-2025,Resolved,05-04-2025
CMP00317,CUST003769,Card Not Received,Medium,21-12-2023,Closed,29-12-2023
CMP00318,CUST002050,Reward Points Missing,Low,18-11-2025,Resolved,12-06-2025
CMP00319,CUST011637,Card Damaged,Medium,10-12-2023,In Progress,12-11-2023
CMP00320,CUST012025,Statement Error,Critical,09-12-2022,Escalated,14-01-2023
CMP00321,CUST007457,App Not Working,Medium,26-04-2024,Escalated,01-06-2024
CMP00322,CUST005779,Billing Dispute,Medium,21-06-2025,Closed,04-07-2025
CMP00323,CUST000039,Card Not Received,High,02-01-2026,Resolved,23-02-2026
CMP00324,CUST011074,App Not Working,Low,05-12-2025,Open,26-12-2025
CMP00325,CUST002692,Wrong Amount Charged,High,06-08-2023,Escalated,20-09-2023
CMP00326,CUST001797,Wrong Amount Charged,High,09-04-2024,Resolved,09-04-2024
CMP00327,CUST010067,Card Not Received,Medium,27-12-2022,Pending Review,30-12-2022
CMP00328,CUST013587,Fraudulent Charge,Medium,01-05-2025,Resolved,22-05-2025
CMP00329,CUST013295,Billing Dispute,Low,26-03-2026,In Progress,24-04-2026
CMP00330,CUST003063,Reward Points Missing,Low,17-01-2026,In Progress,17-01-2026
CMP00331,CUST012481,Billing Dispute,Medium,03-12-2022,Pending Review,17-12-2022
CMP00332,CUST004989,Card Damaged,Low,28-06-2025,In Progress,16-08-2023
CMP00333,CUST002287,Reward Points Missing,High,11-02-2024,Pending Review,25-02-2024
CMP00334,CUST000784,Fraudulent Charge,Low,11-11-2025,Closed,07-12-2025
CMP00335,CUST000240,Card Damaged,Low,29-12-2024,Open,02-04-2025
CMP00336,CUST014560,Late Fee Dispute,Low,30-09-2022,Resolved,28-10-2022
CMP00337,CUST007632,Billing Dispute,Low,04-05-2025,Escalated,06-05-2025
CMP00338,CUST006630,Card Damaged,Critical,08-04-2024,Open,16-09-2024
CMP00339,CUST008912,Late Fee Dispute,Low,20-01-2025,Resolved,02-05-2025
CMP00340,CUST000142,Reward Points Missing,Low,25-09-2022,Resolved,19-10-2022
CMP00341,CUST010868,Late Fee Dispute,Low,13-08-2022,Open,07-09-2022
CMP00342,CUST002487,Late Fee Dispute,Low,15-12-2023,In Progress,16-08-2023
CMP00343,CUST005060,Card Damaged,Medium,17-08-2026,Pending Review,29-09-2026
CMP00344,CUST013391,App Not Working,Low,11-07-2026,Resolved,Low
CMP00345,CUST002446,Billing Dispute,High,08-01-2024,In Progress,31-01-2024
CMP00346,CUST005572,Billing Dispute,High,13-09-2024,In Progress,18-09-2024
CMP00347,CUST014567,Card Damaged,Low,28-06-2023,Resolved,14-07-2023
CMP00348,CUST007754,Card Not Received,High,08-11-2026,Closed,13-09-2026
CMP00349,CUST012667,Late Fee Dispute,High,14-04-2024,Open,23-04-2024
CMP00350,CUST014836,App Not Working,High,22-04-2022,Open,12-05-2022
CMP00351,CUST002195,Billing Dispute,Critical,02-09-2024,In Progress,08-10-2024
CMP00352,CUST008490,Card Damaged,Medium,06-12-2022,Resolved,16-01-2023
CMP00353,CUST008690,Card Damaged,Low,11-06-2026,Resolved,07-06-2026
CMP00354,CUST014756,Late Fee Dispute,Low,26-11-2022,Resolved,31-12-2022
CMP00355,CUST009127,Card Not Received,Low,22-02-2024,Closed,01-03-2024
CMP00356,CUST006066,Card Damaged,Low,17-10-2023,Open,11-04-2023
CMP00357,CUST013613,Billing Dispute,Low,23-05-2024,Escalated,24-06-2024
CMP00358,CUST010910,Interest Rate Query,Low,02-05-2024,In Progress,05-06-2024
CMP00359,CUST008502,Billing Dispute,Medium,16-08-2025,In Progress,22-09-2025
CMP00360,CUST000106,Fraudulent Charge,High,03-06-2023,Open,16-08-2023
CMP00361,CUST010151,Fraudulent Charge,High,17-01-2026,Resolved,16-08-2023
CMP00362,CUST006255,Fraudulent Charge,Low,20-01-2026,Closed,22-01-2026
CMP00363,CUST008055,Interest Rate Query,Medium,20-12-2022,Pending Review,01-06-2023
CMP00364,CUST011091,Late Fee Dispute,High,20-04-2026,Pending Review,28-04-2026
CMP00365,CUST001764,Wrong Amount Charged,Critical,21-08-2025,Closed,14-09-2025
CMP00366,CUST006394,Fraudulent Charge,Low,23-01-2023,Pending Review,26-01-2023
CMP00367,CUST001644,Wrong Amount Charged,Low,10-02-2023,Open,16-08-2023
CMP00368,CUST013631,App Not Working,High,16-03-2023,Open,16-08-2023
CMP00369,CUST001847,Billing Dispute,Medium,17-03-2024,Resolved,16-08-2023
CMP00370,CUST003754,Interest Rate Query,Low,04-07-2024,In Progress,30-04-2024
CMP00371,CUST007326,Interest Rate Query,Medium,18-07-2026,Closed,03-08-2026
CMP00372,CUST003631,Interest Rate Query,High,12-10-2024,Open,21-12-2024
CMP00373,CUST006782,Billing Dispute,Low,27-03-2026,Open,16-08-2023
CMP00374,CUST005388,Interest Rate Query,Low,03-07-2026,Open,16-03-2026
CMP00375,CUST010045,Card Damaged,High,23-11-2022,Open,30-12-2022
CMP00376,CUST007065,Wrong Amount Charged,Medium,24-09-2024,Escalated,19-10-2024
CMP00377,CUST009273,Fraudulent Charge,Low,06-09-2025,Pending Review,27-09-2025
CMP00378,CUST013605,Statement Error,Low,28-10-2025,Open,03-12-2025
CMP00379,CUST001599,Billing Dispute,Low,30-05-2022,Open,15-06-2022
CMP00380,CUST006535,Billing Dispute,Low,17-08-2025,Resolved,09-09-2025
CMP00381,CUST012827,Card Not Received,Medium,28-04-2022,Pending Review,06-04-2022
CMP00382,CUST011092,Card Damaged,Low,17-03-2024,Closed,30-03-2024
CMP00383,CUST012116,Statement Error,Critical,05-02-2022,Pending Review,17-05-2022
CMP00384,CUST012770,Wrong Amount Charged,Low,01-06-2022,In Progress,13-01-2022
CMP00385,CUST001590,Late Fee Dispute,High,08-06-2026,Escalated,09-01-2026
CMP00386,CUST012609,Late Fee Dispute,Low,22-06-2022,Pending Review,06-07-2022
CMP00387,CUST009060,Late Fee Dispute,Low,13-06-2023,Escalated,05-07-2023
CMP00388,CUST009636,Wrong Amount Charged,Critical,27-04-2025,Resolved,25-05-2025
CMP00389,CUST011191,Card Damaged,High,26-07-2022,Open,16-08-2023
CMP00390,CUST003857,Reward Points Missing,Low,08-01-2024,Open,20-02-2024
CMP00391,CUST013441,Card Not Received,Low,09-11-2024,Resolved,17-09-2024
CMP00392,CUST002713,Fraudulent Charge,Medium,05-10-2023,Closed,16-06-2023
CMP00393,CUST000363,Card Damaged,Low,27-12-2023,Escalated,16-08-2023
CMP00394,CUST006556,App Not Working,Low,13-01-2025,Open,15-01-2025
CMP00395,CUST008044,Fraudulent Charge,Low,21-05-2024,Resolved,24-05-2024
CMP00396,CUST000755,App Not Working,Low,07-09-2024,In Progress,21-09-2024
CMP00397,CUST009833,Fraudulent Charge,Medium,05-11-2022,Resolved,17-12-2022
CMP00398,CUST005755,Card Not Received,Low,07-05-2022,In Progress,21-06-2022
CMP00399,CUST002712,Card Not Received,Medium,28-03-2025,Pending Review,23-04-2025
CMP00400,CUST009616,Reward Points Missing,High,07-06-2023,Open,08-05-2023
CMP00401,CUST009715,App Not Working,Low,06-07-2025,Resolved,27-07-2025
CMP00402,CUST014432,Fraudulent Charge,Low,22-01-2022,Resolved,11-02-2022
CMP00403,CUST013765,Statement Error,Critical,03-12-2026,Open,25-04-2026
CMP00404,CUST013109,Interest Rate Query,High,31-05-2023,Open,15-06-2023
CMP00405,CUST014272,Card Not Received,High,04-01-2022,Closed,02-06-2022
CMP00406,CUST006634,Wrong Amount Charged,Low,24-09-2022,Open,16-08-2023
CMP00407,CUST004515,Card Not Received,High,29-06-2024,Pending Review,04-08-2024
CMP00408,CUST007281,Interest Rate Query,Low,14-05-2025,Pending Review,16-05-2025
CMP00409,CUST011243,Statement Error,Critical,30-05-2024,Open,10-07-2024
CMP00410,CUST007873,Card Not Received,Medium,03-03-2025,Resolved,01-04-2025
CMP00411,CUST010501,Fraudulent Charge,High,16-09-2024,Resolved,13-10-2024
CMP00412,CUST006296,Card Damaged,High,09-10-2022,Closed,18-11-2022
CMP00413,CUST007708,Card Not Received,Low,26-07-2023,In Progress,08-12-2023
CMP00414,CUST012803,Billing Dispute,Low,09-09-2022,Open,16-08-2023
CMP00415,CUST011310,Late Fee Dispute,Medium,13-02-2026,Open,03-04-2026
CMP00416,CUST001371,Interest Rate Query,Medium,22-03-2026,Pending Review,16-08-2023
CMP00417,CUST013168,Interest Rate Query,High,20-06-2026,Pending Review,22-06-2026
CMP00418,CUST010760,Wrong Amount Charged,Medium,13-02-2022,Pending Review,02-03-2022
CMP00419,CUST002359,Card Damaged,Critical,18-12-2022,Closed,25-01-2023
CMP00420,CUST012987,Fraudulent Charge,Low,04-09-2022,Open,05-05-2022
CMP00421,CUST014062,Billing Dispute,Low,03-07-2026,Pending Review,08-04-2026
CMP00422,CUST011776,Fraudulent Charge,Medium,25-07-2023,In Progress,13-08-2023
CMP00423,CUST000589,Card Damaged,Low,17-02-2024,Resolved,30-03-2024
CMP00424,CUST010311,Card Damaged,Low,19-07-2023,Pending Review,29-07-2023
CMP00425,CUST002107,Statement Error,Medium,29-03-2025,In Progress,16-08-2023
CMP00426,CUST008603,Statement Error,Critical,28-12-2022,Resolved,16-08-2023
CMP00427,CUST005368,Statement Error,High,18-09-2025,Escalated,29-10-2025
CMP00428,CUST009087,Card Not Received,Low,17-09-2025,Open,25-10-2025
CMP00429,CUST006831,Interest Rate Query,High,07-10-2025,Open,08-03-2025
CMP00430,CUST003533,Card Damaged,High,10-04-2023,Resolved,06-11-2023
CMP00431,CUST000417,Card Not Received,Low,26-08-2025,Pending Review,20-09-2025
CMP00432,CUST006310,Wrong Amount Charged,Medium,18-04-2026,Open,25-04-2026
CMP00433,CUST009759,App Not Working,Low,04-02-2022,Resolved,09-04-2022
CMP00434,CUST006666,Statement Error,Low,24-01-2025,Resolved,14-02-2025
CMP00435,CUST005409,Fraudulent Charge,Medium,29-03-2026,Open,05-11-2026
CMP00436,CUST001910,Card Damaged,Low,13-01-2023,Escalated,16-08-2023
CMP00437,CUST003076,Wrong Amount Charged,Medium,23-03-2026,Pending Review,07-05-2026
CMP00438,CUST004988,Card Damaged,Medium,16-05-2022,Open,16-08-2023
CMP00439,CUST003879,Reward Points Missing,Medium,28-05-2025,Open,06-11-2025
CMP00440,CUST010215,Late Fee Dispute,High,30-07-2023,Resolved,01-09-2023
CMP00441,CUST009271,Fraudulent Charge,Medium,29-03-2024,Open,25-04-2024
CMP00442,CUST000935,Card Not Received,High,30-04-2023,Resolved,06-05-2023
CMP00443,CUST007559,Interest Rate Query,High,22-01-2023,Resolved,16-08-2023
CMP00444,CUST002113,Card Not Received,Low,13-01-2025,Closed,02-12-2025
CMP00445,CUST005294,Statement Error,Critical,21-02-2022,In Progress,03-10-2022
CMP00446,CUST005262,Statement Error,Critical,03-04-2026,Open,03-06-2026
CMP00447,CUST014622,Statement Error,Low,21-03-2026,Pending Review,17-04-2026
CMP00448,CUST004886,App Not Working,Medium,08-02-2026,Resolved,23-03-2026
CMP00449,CUST003202,Fraudulent Charge,Low,26-02-2023,Closed,31-03-2023
CMP00450,CUST013648,Card Not Received,Medium,20-06-2023,In Progress,22-06-2023
CMP00451,CUST005479,Card Damaged,Medium,24-08-2024,Pending Review,16-08-2023
CMP00452,CUST010267,Statement Error,Low,12-06-2024,Open,14-12-2024
CMP00453,CUST009670,Late Fee Dispute,Medium,06-12-2025,Escalated,19-07-2025
CMP00454,CUST012890,Billing Dispute,Low,03-05-2024,Resolved,06-03-2024
CMP00455,CUST005908,Late Fee Dispute,Medium,19-11-2022,Pending Review,28-11-2022
CMP00456,CUST000009,Statement Error,Low,25-10-2022,Pending Review,21-11-2022
CMP00457,CUST005809,Wrong Amount Charged,Medium,09-08-2024,Resolved,16-08-2023
CMP00458,CUST009319,Card Damaged,High,25-04-2022,Pending Review,24-05-2022
CMP00459,CUST013721,Billing Dispute,Critical,09-01-2023,Resolved,02-10-2023
CMP00460,CUST007149,Late Fee Dispute,Low,05-10-2024,Closed,31-05-2024
CMP00461,CUST002040,Card Not Received,Medium,19-02-2025,Escalated,03-06-2025
CMP00462,CUST007074,Billing Dispute,Medium,26-07-2025,Resolved,11-08-2025
CMP00463,CUST005746,Late Fee Dispute,Medium,05-08-2024,Escalated,14-06-2024
CMP00464,CUST014274,Late Fee Dispute,High,11-02-2023,Pending Review,14-11-2023
CMP00465,CUST004814,App Not Working,Low,04-05-2022,Pending Review,16-08-2023
CMP00466,CUST012329,Fraudulent Charge,High,04-01-2026,In Progress,02-07-2026
CMP00467,CUST011781,Wrong Amount Charged,High,30-12-2024,Resolved,13-02-2025
CMP00468,CUST004360,Card Not Received,Medium,23-11-2024,Open,01-12-2024
CMP00469,CUST002708,Reward Points Missing,High,03-05-2023,Open,18-03-2023
CMP00470,CUST002120,Card Damaged,High,28-12-2022,Open,07-01-2023
CMP00471,CUST013948,Reward Points Missing,High,25-05-2025,Pending Review,06-05-2025
CMP00472,CUST008719,Late Fee Dispute,Medium,31-08-2023,Pending Review,10-10-2023
CMP00473,CUST009077,App Not Working,Critical,07-01-2026,In Progress,16-08-2023
CMP00474,CUST013882,App Not Working,High,04-10-2024,Open,14-04-2024
CMP00475,CUST012455,Reward Points Missing,Medium,01-05-2024,Escalated,16-08-2023
CMP00476,CUST010410,Card Not Received,Low,27-03-2025,In Progress,Low
CMP00477,CUST013309,Billing Dispute,High,13-10-2022,Open,24-11-2022
CMP00478,CUST001762,Reward Points Missing,Low,15-01-2023,Open,16-08-2023
CMP00479,CUST000194,Late Fee Dispute,Medium,16-10-2023,Open,20-10-2023
CMP00480,CUST002965,Fraudulent Charge,Medium,28-04-2022,Closed,28-05-2022
CMP00481,CUST003236,Interest Rate Query,Medium,10-11-2022,Open,17-12-2022
CMP00482,CUST009893,Statement Error,High,03-09-2023,Pending Review,10-10-2023
CMP00483,CUST003854,Statement Error,High,15-07-2022,In Progress,22-07-2022
CMP00484,CUST014468,Card Not Received,Medium,26-09-2024,Resolved,10-12-2024
CMP00485,CUST010179,Wrong Amount Charged,Low,11-06-2025,Escalated,16-08-2023
CMP00486,CUST012618,Fraudulent Charge,High,03-09-2026,Closed,04-04-2026
CMP00487,CUST012790,Late Fee Dispute,Medium,10-08-2024,In Progress,16-08-2023
CMP00488,CUST013758,Late Fee Dispute,Medium,01-11-2023,Open,21-11-2023
CMP00489,CUST005371,Card Not Received,Low,30-04-2025,Open,16-08-2023
CMP00490,CUST003064,Card Damaged,Critical,24-12-2022,Open,11-01-2023
CMP00491,CUST007366,Wrong Amount Charged,High,06-01-2023,Resolved,01-07-2023
CMP00492,CUST001914,Late Fee Dispute,Low,09-08-2022,Closed,Low
CMP00493,CUST011165,App Not Working,Low,06-04-2022,Open,15-06-2022
CMP00494,CUST001084,Card Damaged,Low,25-06-2024,Open,Low
CMP00495,CUST003078,Interest Rate Query,Low,16-03-2026,Open,16-08-2023
CMP00496,CUST008974,Card Damaged,Low,18-07-2024,Pending Review,28-07-2024
CMP00497,CUST012730,Late Fee Dispute,Low,04-05-2026,Open,04-09-2026
CMP00498,CUST010884,Late Fee Dispute,Low,11-02-2023,Open,23-02-2023
CMP00499,CUST013542,App Not Working,Low,14-02-2023,Escalated,17-02-2023
CMP00500,CUST004994,Card Not Received,Medium,08-06-2023,Escalated,16-08-2023
CMP00501,CUST008235,Card Damaged,Low,29-11-2023,Escalated,27-12-2023
CMP00502,CUST004818,App Not Working,Medium,20-08-2025,Escalated,28-08-2025
CMP00503,CUST007847,Wrong Amount Charged,Critical,21-09-2023,Escalated,16-08-2023
CMP00504,CUST004199,Reward Points Missing,Medium,20-08-2024,In Progress,05-09-2024
CMP00505,CUST013220,Statement Error,Low,17-10-2023,In Progress,11-10-2023
CMP00506,CUST013623,Late Fee Dispute,Medium,27-10-2025,Resolved,16-08-2023
CMP00507,CUST001688,App Not Working,Low,22-07-2024,In Progress,16-08-2023
CMP00508,CUST013862,Card Damaged,High,18-11-2023,Pending Review,01-02-2024
CMP00509,CUST008960,Fraudulent Charge,Low,31-05-2026,Escalated,01-06-2026
CMP00510,CUST000878,Card Damaged,Low,18-01-2026,Open,02-10-2026
CMP00511,CUST013101,Card Not Received,Medium,11-06-2026,Closed,29-06-2026
CMP00512,CUST000821,Billing Dispute,Low,16-12-2024,Open,22-01-2025
CMP00513,CUST005513,Late Fee Dispute,High,11-09-2022,Closed,01-10-2022
CMP00514,CUST004744,Fraudulent Charge,Medium,05-07-2024,Resolved,23-07-2024
CMP00515,CUST006396,Card Damaged,Critical,19-05-2022,Pending Review,03-06-2022
CMP00516,CUST009016,Fraudulent Charge,Low,20-03-2025,Open,25-03-2025
CMP00517,CUST003239,Card Damaged,High,18-09-2022,Open,25-09-2022
CMP00518,CUST013324,Late Fee Dispute,Medium,08-04-2022,Closed,16-04-2022
CMP00519,CUST014831,App Not Working,Medium,12-01-2025,Resolved,27-01-2025
CMP00520,CUST007265,Late Fee Dispute,Low,08-01-2025,Escalated,14-09-2025
CMP00521,CUST004831,Wrong Amount Charged,Low,08-10-2023,Closed,20-11-2023
CMP00522,CUST002489,App Not Working,Medium,02-10-2024,Resolved,03-06-2024
CMP00523,CUST010606,Card Damaged,Medium,13-02-2025,In Progress,16-08-2023
CMP00524,CUST003482,Wrong Amount Charged,Low,31-08-2025,Open,04-09-2025
CMP00525,CUST011969,Billing Dispute,High,29-03-2025,Escalated,04-10-2025
CMP00526,CUST000205,App Not Working,Critical,21-12-2023,Escalated,18-01-2024
CMP00527,CUST003924,Fraudulent Charge,High,06-11-2023,Resolved,19-07-2023
CMP00528,CUST003422,Wrong Amount Charged,Low,13-10-2023,Pending Review,23-10-2023
CMP00529,CUST012015,Interest Rate Query,High,01-09-2023,Closed,19-02-2023
CMP00530,CUST011308,Wrong Amount Charged,Low,07-10-2022,Pending Review,16-08-2023
CMP00531,CUST002637,Interest Rate Query,Critical,11-04-2023,Closed,13-12-2023
CMP00532,CUST005358,Billing Dispute,Critical,05-07-2025,Pending Review,06-07-2025
CMP00533,CUST013666,Fraudulent Charge,High,23-02-2022,Open,16-08-2023
CMP00534,CUST000371,Fraudulent Charge,Medium,05-05-2022,Open,16-08-2023
CMP00535,CUST011680,Fraudulent Charge,Critical,09-01-2026,Resolved,23-02-2026
CMP00536,CUST012267,Card Damaged,Critical,20-09-2025,Open,30-09-2025
CMP00537,CUST014700,Interest Rate Query,High,23-04-2026,Resolved,28-04-2026
CMP00538,CUST003788,Card Not Received,Medium,13-02-2023,Open,27-02-2023
CMP00539,CUST001491,Statement Error,High,09-01-2024,Resolved,05-10-2024
CMP00540,CUST011121,Reward Points Missing,High,06-08-2026,In Progress,08-06-2026
CMP00541,CUST014852,Billing Dispute,Medium,07-10-2025,Resolved,16-08-2023
CMP00542,CUST011523,Wrong Amount Charged,High,18-11-2022,Open,16-08-2023
CMP00543,CUST000478,Card Not Received,Low,07-03-2024,Escalated,17-08-2024
CMP00544,CUST007392,Card Damaged,High,30-03-2025,In Progress,11-04-2025
CMP00545,CUST012056,Card Not Received,Medium,21-10-2024,Open,27-10-2024
CMP00546,CUST007446,Fraudulent Charge,High,28-03-2026,In Progress,12-04-2026
CMP00547,CUST003180,Card Not Received,Critical,05-08-2025,Resolved,09-09-2025
CMP00548,CUST012006,Card Damaged,High,29-01-2026,Pending Review,17-02-2026
CMP00549,CUST008314,App Not Working,Low,21-04-2024,In Progress,09-05-2024
CMP00550,CUST000136,Card Not Received,Critical,31-05-2025,Escalated,10-07-2025
CMP00551,CUST003844,Late Fee Dispute,High,24-10-2022,Escalated,16-08-2023
CMP00552,CUST006657,Interest Rate Query,High,13-12-2025,Closed,01-06-2026
CMP00553,CUST006729,Card Not Received,Medium,29-04-2022,Closed,12-05-2022
CMP00554,CUST011661,Interest Rate Query,Medium,02-02-2022,Resolved,13-02-2022
CMP00555,CUST008049,Fraudulent Charge,Low,09-06-2023,Open,16-08-2023
CMP00556,CUST011758,App Not Working,Low,26-12-2023,Open,31-01-2024
CMP00557,CUST000215,App Not Working,Low,11-03-2023,Open,08-11-2023
CMP00558,CUST003537,Fraudulent Charge,Low,17-05-2025,Open,26-05-2025
CMP00559,CUST010579,Statement Error,Critical,18-02-2022,Pending Review,16-08-2023
CMP00560,CUST008511,Statement Error,Low,28-12-2022,In Progress,13-01-2023
CMP00561,CUST000699,Card Damaged,High,19-09-2022,In Progress,27-10-2022
CMP00562,CUST007786,Card Not Received,Low,01-10-2022,Pending Review,14-01-2022
CMP00563,CUST008915,Card Damaged,High,05-11-2025,Pending Review,03-12-2025
CMP00564,CUST013513,Statement Error,High,10-04-2023,Open,22-05-2023
CMP00565,CUST013894,Card Not Received,Medium,27-02-2025,Resolved,24-03-2025
CMP00566,CUST010372,Billing Dispute,Low,30-11-2024,Resolved,27-12-2024
CMP00567,CUST007287,Reward Points Missing,High,24-06-2023,Open,22-07-2023
CMP00568,CUST012643,Reward Points Missing,High,08-02-2023,In Progress,02-03-2023
CMP00569,CUST007061,App Not Working,Medium,11-01-2024,In Progress,16-08-2023
CMP00570,CUST011727,Card Not Received,Medium,03-05-2025,Pending Review,15-04-2025
CMP00571,CUST000506,Reward Points Missing,High,06-03-2022,Open,11-03-2022
CMP00572,CUST006680,Card Not Received,High,07-07-2024,Resolved,30-07-2024
CMP00573,CUST011675,Billing Dispute,High,25-12-2023,Resolved,22-01-2024
CMP00574,CUST011143,Card Damaged,Medium,24-03-2022,Resolved,16-08-2023
CMP00575,CUST004672,Wrong Amount Charged,Low,13-03-2026,Closed,16-08-2023
CMP00576,CUST004445,Card Not Received,High,03-07-2024,Pending Review,03-07-2024
CMP00577,CUST003083,Interest Rate Query,Medium,29-08-2025,Open,08-10-2025
CMP00578,CUST003950,Reward Points Missing,Critical,15-10-2022,Resolved,24-11-2022
CMP00579,CUST005420,Card Damaged,Critical,11-12-2024,Resolved,07-12-2024
CMP00580,CUST002564,Wrong Amount Charged,High,26-06-2024,Pending Review,16-08-2023
CMP00581,CUST010280,Wrong Amount Charged,Medium,20-02-2023,In Progress,25-02-2023
CMP00582,CUST007675,Interest Rate Query,High,09-01-2022,In Progress,10-01-2022
CMP00583,CUST005785,Card Not Received,Low,30-03-2023,In Progress,07-05-2023
CMP00584,CUST012666,Statement Error,Medium,29-03-2024,Resolved,05-07-2024
CMP00585,CUST007128,Card Not Received,Low,19-06-2025,Escalated,30-06-2025
CMP00586,CUST006288,Fraudulent Charge,Low,21-11-2023,Closed,12-09-2023
CMP00587,CUST001376,Statement Error,Low,17-08-2025,Resolved,30-09-2025
CMP00588,CUST012567,Card Not Received,Low,27-05-2025,Open,09-07-2025
CMP00589,CUST005619,Wrong Amount Charged,High,22-01-2023,Open,31-01-2023
CMP00590,CUST000472,Late Fee Dispute,Low,27-04-2023,Open,16-08-2023
CMP00591,CUST004206,App Not Working,Low,14-09-2022,Resolved,19-10-2022
CMP00592,CUST004502,Fraudulent Charge,Low,23-05-2023,Closed,16-08-2023
CMP00593,CUST007532,App Not Working,High,26-10-2024,Closed,25-11-2024
CMP00594,CUST006916,Fraudulent Charge,Low,02-09-2023,In Progress,Low
CMP00595,CUST007452,Card Not Received,Critical,29-10-2023,Open,11-02-2023
CMP00596,CUST007583,Wrong Amount Charged,High,16-06-2024,Open,22-06-2024
CMP00597,CUST009810,Card Damaged,High,14-10-2024,Closed,06-11-2024
CMP00598,CUST002730,Late Fee Dispute,Medium,05-06-2026,Open,12-06-2026
CMP00599,CUST000729,Billing Dispute,High,12-08-2022,Open,19-01-2023
CMP00600,CUST008627,Fraudulent Charge,Medium,13-11-2023,Escalated,03-12-2023
CMP00601,CUST012064,Card Damaged,Low,02-09-2025,Open,03-05-2025
CMP00602,CUST014733,Late Fee Dispute,Critical,16-06-2024,Open,13-07-2024
CMP00603,CUST008980,Late Fee Dispute,Low,15-04-2024,Escalated,Low
CMP00604,CUST009539,Card Not Received,Low,06-11-2025,In Progress,19-07-2025
CMP00605,CUST008345,Card Not Received,Low,06-04-2026,Closed,19-07-2026
CMP00606,CUST012993,Fraudulent Charge,Low,31-10-2022,Resolved,16-08-2023
CMP00607,CUST002833,Card Not Received,Low,20-02-2023,Resolved,04-02-2023
CMP00608,CUST005992,Fraudulent Charge,Critical,12-10-2024,Closed,23-11-2024
CMP00609,CUST001988,App Not Working,Low,21-05-2026,Closed,16-08-2023
CMP00610,CUST013077,Interest Rate Query,Low,23-03-2023,Closed,28-03-2023
CMP00611,CUST014760,Interest Rate Query,Low,22-11-2023,Pending Review,16-08-2023
CMP00612,CUST011924,Fraudulent Charge,Low,13-06-2022,Open,28-06-2022
CMP00613,CUST001888,App Not Working,Medium,16-07-2025,Escalated,26-08-2025
CMP00614,CUST007344,Late Fee Dispute,Medium,07-06-2024,Open,22-07-2024
CMP00615,CUST007764,Late Fee Dispute,Medium,04-07-2023,Resolved,16-08-2023
CMP00616,CUST000881,Card Damaged,High,24-07-2026,Resolved,03-09-2026
CMP00617,CUST003340,App Not Working,Medium,06-11-2022,Open,16-08-2023
CMP00618,CUST009353,Card Damaged,High,18-03-2024,Resolved,12-04-2024
CMP00619,CUST009300,Statement Error,High,07-10-2024,Resolved,15-07-2024
CMP00620,CUST002486,App Not Working,Medium,10-04-2025,Resolved,05-07-2025
CMP00621,CUST014378,Wrong Amount Charged,Medium,04-06-2024,Open,15-07-2024
CMP00622,CUST000597,Late Fee Dispute,High,08-12-2022,In Progress,31-08-2022
CMP00623,CUST010150,Reward Points Missing,Low,24-10-2025,Open,16-08-2023
CMP00624,CUST013474,Card Not Received,Low,13-08-2024,Escalated,18-08-2024
CMP00625,CUST012828,Wrong Amount Charged,Medium,16-05-2023,In Progress,04-06-2023
CMP00626,CUST012603,Reward Points Missing,Low,22-06-2023,Resolved,03-08-2023
CMP00627,CUST008510,Interest Rate Query,Low,03-05-2022,Closed,06-05-2022
CMP00628,CUST005199,Card Not Received,Low,14-12-2022,Resolved,01-05-2023
CMP00629,CUST000200,Late Fee Dispute,Medium,20-01-2026,Open,27-01-2026
CMP00630,CUST001904,Billing Dispute,Low,24-10-2023,Open,30-10-2023
CMP00631,CUST005144,Interest Rate Query,Medium,23-09-2024,Resolved,10-10-2024
CMP00632,CUST004195,Reward Points Missing,High,24-07-2024,Pending Review,25-07-2024
CMP00633,CUST006757,Late Fee Dispute,High,25-11-2024,Escalated,02-12-2024
CMP00634,CUST003642,Late Fee Dispute,Medium,05-09-2023,Open,16-08-2023
CMP00635,CUST007956,Billing Dispute,High,18-08-2025,Resolved,31-08-2025
CMP00636,CUST011868,Late Fee Dispute,Low,16-12-2023,In Progress,27-01-2024
CMP00637,CUST014812,Late Fee Dispute,Medium,09-03-2022,Resolved,18-03-2022
CMP00638,CUST008458,Late Fee Dispute,Medium,05-01-2022,Resolved,16-08-2023
CMP00639,CUST004957,Wrong Amount Charged,High,15-02-2023,Resolved,20-03-2023
CMP00640,CUST003148,Reward Points Missing,Low,02-10-2023,Resolved,02-12-2023
CMP00641,CUST007432,Interest Rate Query,High,21-09-2022,Pending Review,22-09-2022
CMP00642,CUST009977,Fraudulent Charge,Medium,03-06-2026,Resolved,13-07-2026
CMP00643,CUST014870,App Not Working,Critical,17-04-2022,Closed,16-05-2022
CMP00644,CUST012526,Interest Rate Query,High,24-01-2024,Escalated,16-08-2023
CMP00645,CUST010675,Wrong Amount Charged,High,01-02-2025,Pending Review,07-03-2025
CMP00646,CUST007168,Interest Rate Query,Medium,05-10-2026,Open,25-05-2026
CMP00647,CUST013711,Fraudulent Charge,Low,26-11-2025,Resolved,28-11-2025
CMP00648,CUST001137,Card Damaged,Medium,14-03-2026,Resolved,16-08-2023
CMP00649,CUST002034,Statement Error,Low,31-07-2025,Escalated,Low
CMP00650,CUST002118,Wrong Amount Charged,High,07-09-2022,Open,19-07-2022
CMP00651,CUST003680,App Not Working,High,28-12-2022,Closed,16-08-2023
CMP00652,CUST004444,Interest Rate Query,Low,05-03-2023,Escalated,21-03-2023
CMP00653,CUST013630,App Not Working,High,23-11-2023,In Progress,16-08-2023
CMP00654,CUST013883,Card Not Received,Medium,30-04-2023,Escalated,16-08-2023
CMP00655,CUST014249,Card Damaged,Low,02-07-2026,Open,25-07-2026
CMP00656,CUST012914,Billing Dispute,Critical,20-05-2024,Open,13-06-2024
CMP00657,CUST008765,App Not Working,High,03-08-2025,Escalated,16-08-2023
CMP00658,CUST002144,Billing Dispute,Medium,10-09-2022,Pending Review,08-11-2022
CMP00659,CUST002664,Card Damaged,Low,22-04-2025,Resolved,05-05-2025
CMP00660,CUST001093,App Not Working,Critical,22-11-2023,Open,16-08-2023
CMP00661,CUST012043,Statement Error,Low,17-05-2026,Pending Review,16-08-2023
CMP00662,CUST011961,Interest Rate Query,Medium,16-10-2022,Pending Review,25-11-2022
CMP00663,CUST002672,Late Fee Dispute,High,10-05-2023,Escalated,15-06-2023
CMP00664,CUST000131,Fraudulent Charge,Critical,01-03-2023,Resolved,15-02-2023
CMP00665,CUST003941,Interest Rate Query,High,29-03-2026,Open,03-04-2026
CMP00666,CUST008345,Late Fee Dispute,Medium,12-09-2025,In Progress,10-12-2025
CMP00667,CUST000050,App Not Working,Medium,07-12-2022,Resolved,12-10-2022
CMP00668,CUST005807,Card Not Received,Low,26-07-2026,Escalated,15-08-2026
CMP00669,CUST011063,Wrong Amount Charged,Low,01-02-2023,In Progress,10-02-2023
CMP00670,CUST014191,Interest Rate Query,High,20-09-2024,Resolved,15-10-2024
CMP00671,CUST004415,Late Fee Dispute,Low,07-01-2022,Escalated,17-01-2022
CMP00672,CUST014068,Fraudulent Charge,High,05-03-2022,In Progress,21-05-2022
CMP00673,CUST012499,Interest Rate Query,Low,30-10-2024,Escalated,24-11-2024
CMP00674,CUST011771,Reward Points Missing,High,26-11-2023,Open,31-12-2023
CMP00675,CUST004264,Card Damaged,Medium,03-08-2024,In Progress,24-03-2024
CMP00676,CUST006481,Interest Rate Query,Low,25-11-2022,Closed,16-08-2023
CMP00677,CUST009571,Card Damaged,Medium,22-12-2023,Open,16-08-2023
CMP00678,CUST008074,Fraudulent Charge,Medium,20-05-2024,Resolved,07-04-2024
CMP00679,CUST006218,Billing Dispute,Medium,27-09-2025,Resolved,29-09-2025
CMP00680,CUST003891,Reward Points Missing,Medium,26-06-2025,Closed,17-07-2025
CMP00681,CUST011591,App Not Working,High,16-07-2023,Escalated,07-08-2023
CMP00682,CUST014520,Card Not Received,Low,01-03-2022,Open,14-02-2022
CMP00683,CUST014775,Statement Error,Medium,02-01-2023,Resolved,07-02-2023
CMP00684,CUST002355,Reward Points Missing,Low,13-04-2022,Open,06-05-2022
CMP00685,CUST001128,Reward Points Missing,Low,09-06-2026,Escalated,16-07-2026
CMP00686,CUST009277,Statement Error,High,12-08-2023,Resolved,25-09-2023
CMP00687,CUST008885,Card Not Received,Low,28-08-2025,Resolved,21-09-2025
CMP00688,CUST005662,Billing Dispute,Medium,13-01-2026,Resolved,14-01-2026
CMP00689,CUST003853,Reward Points Missing,High,29-10-2023,Resolved,11-11-2023
CMP00690,CUST003423,Interest Rate Query,Critical,05-03-2026,In Progress,19-05-2026
CMP00691,CUST006845,Reward Points Missing,Low,16-07-2023,Closed,Low
CMP00692,CUST002905,Statement Error,Low,03-06-2026,Closed,Low
CMP00693,CUST010466,Reward Points Missing,Medium,30-06-2024,Pending Review,09-08-2024
CMP00694,CUST007910,Billing Dispute,Critical,20-03-2024,Resolved,16-08-2023
CMP00695,CUST008952,Billing Dispute,Low,06-01-2026,Escalated,09-06-2026
CMP00696,CUST001603,Statement Error,Medium,03-02-2025,Closed,03-04-2025
CMP00697,CUST003097,Billing Dispute,High,08-07-2022,Pending Review,21-07-2022
CMP00698,CUST001451,Wrong Amount Charged,Low,06-03-2023,Open,27-06-2023
CMP00699,CUST000365,App Not Working,Low,08-08-2023,In Progress,16-08-2023
CMP00700,CUST014562,Wrong Amount Charged,High,30-07-2025,Resolved,16-08-2023
CMP00701,CUST012056,Card Not Received,High,18-04-2026,Pending Review,16-08-2023
CMP00702,CUST013108,Fraudulent Charge,High,29-08-2024,Open,02-10-2024
CMP00703,CUST005075,Wrong Amount Charged,Critical,23-10-2025,Escalated,26-10-2025
CMP00704,CUST009470,Interest Rate Query,Low,28-02-2026,Open,17-03-2026
CMP00705,CUST007891,App Not Working,Medium,12-06-2022,Pending Review,16-08-2023
CMP00706,CUST004627,Late Fee Dispute,Low,03-05-2025,Closed,16-08-2023
CMP00707,CUST003468,Card Not Received,Low,18-05-2022,Resolved,16-08-2023
CMP00708,CUST012939,Late Fee Dispute,Medium,02-06-2023,Open,16-08-2023
CMP00709,CUST014979,Statement Error,Medium,18-08-2023,Open,25-08-2023
CMP00710,CUST005498,Interest Rate Query,Medium,27-08-2024,Open,09-01-2024
CMP00711,CUST011267,App Not Working,Low,13-05-2026,Open,16-08-2023
CMP00712,CUST008594,App Not Working,Medium,03-04-2024,Open,18-03-2024
CMP00713,CUST008254,Wrong Amount Charged,High,15-08-2026,In Progress,17-09-2026
CMP00714,CUST000694,Statement Error,High,25-10-2023,Open,10-11-2023
CMP00715,CUST008687,Card Damaged,Low,13-04-2022,In Progress,06-05-2022
CMP00716,CUST001888,Wrong Amount Charged,High,05-07-2023,Resolved,16-08-2023
CMP00717,CUST002452,Statement Error,Low,09-12-2023,Open,20-01-2024
CMP00718,CUST002587,Statement Error,Low,25-06-2025,Resolved,28-06-2025
CMP00719,CUST002684,Wrong Amount Charged,Medium,11-03-2025,Resolved,16-08-2023
CMP00720,CUST010356,Fraudulent Charge,Low,24-11-2025,Open,05-01-2026
CMP00721,CUST014104,Reward Points Missing,Low,06-01-2023,Closed,06-09-2023
CMP00722,CUST009072,Late Fee Dispute,Medium,22-09-2023,Closed,06-10-2023
CMP00723,CUST012474,App Not Working,Critical,23-06-2023,Open,02-07-2023
CMP00724,CUST014916,App Not Working,Medium,07-12-2022,In Progress,21-12-2022
CMP00725,CUST008764,Card Not Received,Medium,09-01-2025,Closed,02-11-2025
CMP00726,CUST012894,App Not Working,Medium,13-04-2022,Escalated,17-05-2022
CMP00727,CUST003630,Reward Points Missing,Low,30-07-2026,Open,25-08-2026
CMP00728,CUST014407,Statement Error,Low,16-03-2025,Open,21-03-2025
CMP00729,CUST010879,Wrong Amount Charged,Low,31-07-2024,Open,18-08-2024
CMP00730,CUST008152,Statement Error,Medium,19-10-2022,Pending Review,27-11-2022
CMP00731,CUST000891,Fraudulent Charge,Medium,01-01-2024,Closed,25-01-2024
CMP00732,CUST011616,Statement Error,Low,04-09-2023,Open,09-09-2023
CMP00733,CUST002254,App Not Working,Medium,16-12-2022,Open,22-01-2023
CMP00734,CUST006969,Billing Dispute,High,28-06-2024,Escalated,07-09-2024
CMP00735,CUST010136,Fraudulent Charge,Medium,08-10-2023,In Progress,09-10-2023
CMP00736,CUST007320,Reward Points Missing,Medium,30-06-2026,Closed,04-08-2026
CMP00737,CUST002137,Card Damaged,Low,13-09-2025,Resolved,Low
CMP00738,CUST005702,Fraudulent Charge,Low,02-05-2022,Resolved,28-05-2022
CMP00739,CUST014939,Billing Dispute,Low,03-12-2023,Open,26-12-2023
CMP00740,CUST007374,Interest Rate Query,Low,01-08-2024,Resolved,14-02-2024
CMP00741,CUST008913,App Not Working,Low,29-03-2023,In Progress,03-05-2023
CMP00742,CUST012241,Wrong Amount Charged,High,16-04-2022,Open,07-05-2022
CMP00743,CUST012716,Interest Rate Query,Low,16-03-2023,Resolved,16-08-2023
CMP00744,CUST013841,Reward Points Missing,High,10-10-2024,Resolved,20-11-2024
CMP00745,CUST012771,Late Fee Dispute,Critical,21-07-2026,Open,16-08-2023
CMP00746,CUST009669,Card Damaged,High,04-08-2025,Closed,07-09-2025
CMP00747,CUST007042,Statement Error,Low,09-07-2025,Open,16-08-2023
CMP00748,CUST006459,Late Fee Dispute,Low,02-06-2024,Escalated,16-03-2024
CMP00749,CUST001044,Late Fee Dispute,Low,28-02-2023,Closed,15-03-2023
CMP00750,CUST002886,Wrong Amount Charged,Low,14-11-2024,Open,14-11-2024
CMP00751,CUST004664,Fraudulent Charge,Medium,16-07-2022,Pending Review,26-08-2022
CMP00752,CUST007433,Card Not Received,Medium,06-01-2024,Open,25-06-2024
CMP00753,CUST012720,Statement Error,Medium,29-08-2022,Escalated,17-09-2022
CMP00754,CUST010491,Reward Points Missing,High,06-04-2025,In Progress,16-06-2025
CMP00755,CUST010252,Statement Error,High,28-09-2024,In Progress,19-10-2024
CMP00756,CUST009670,App Not Working,Medium,30-11-2023,In Progress,13-12-2023
CMP00757,CUST008241,Interest Rate Query,Medium,06-01-2026,Closed,16-08-2023
CMP00758,CUST012529,App Not Working,Medium,01-07-2022,Pending Review,22-01-2022
CMP00759,CUST006877,Late Fee Dispute,High,12-05-2025,Resolved,13-01-2026
CMP00760,CUST007276,Fraudulent Charge,Low,03-12-2024,In Progress,21-03-2024
CMP00761,CUST001218,Billing Dispute,Critical,06-07-2025,Resolved,15-07-2025
CMP00762,CUST007738,App Not Working,Medium,23-09-2025,Resolved,23-10-2025
CMP00763,CUST006808,Wrong Amount Charged,Medium,01-09-2022,Pending Review,17-01-2022
CMP00764,CUST008181,Fraudulent Charge,Medium,21-08-2022,Resolved,27-08-2022
CMP00765,CUST005001,Card Not Received,High,04-11-2025,Escalated,05-10-2025
CMP00766,CUST014177,Billing Dispute,Critical,10-04-2025,Resolved,11-05-2025
CMP00767,CUST009909,Fraudulent Charge,Low,01-04-2023,Open,05-03-2023
CMP00768,CUST010283,App Not Working,Low,10-05-2024,Closed,22-06-2024
CMP00769,CUST005641,App Not Working,Critical,13-01-2022,Resolved,02-05-2022
CMP00770,CUST004884,Late Fee Dispute,Medium,20-01-2026,Resolved,16-08-2023
CMP00771,CUST003516,Statement Error,Critical,07-07-2026,Pending Review,13-08-2026
CMP00772,CUST006364,Interest Rate Query,Medium,02-07-2024,Resolved,08-09-2024
CMP00773,CUST013839,Card Not Received,Low,28-04-2022,Open,04-05-2022
CMP00774,CUST000098,Reward Points Missing,High,19-08-2024,Pending Review,31-08-2024
CMP00775,CUST000996,Late Fee Dispute,Low,01-03-2026,Closed,22-03-2026
CMP00776,CUST006332,Card Damaged,Medium,12-03-2023,Resolved,20-03-2023
CMP00777,CUST000103,Card Damaged,High,16-01-2023,Closed,08-02-2023
CMP00778,CUST012746,Late Fee Dispute,High,16-05-2023,Open,16-08-2023
CMP00779,CUST007669,Reward Points Missing,Low,15-05-2022,Resolved,06-01-2022
CMP00780,CUST014721,Late Fee Dispute,Critical,28-01-2022,In Progress,16-02-2022
CMP00781,CUST013126,Billing Dispute,Low,02-03-2025,Escalated,10-02-2025
CMP00782,CUST011610,Fraudulent Charge,Critical,02-06-2023,Resolved,12-06-2023
CMP00783,CUST013653,Interest Rate Query,High,27-04-2024,Pending Review,26-05-2024
CMP00784,CUST008561,Interest Rate Query,Low,04-07-2024,Pending Review,12-08-2024
CMP00785,CUST005854,Fraudulent Charge,Critical,29-08-2024,Open,15-09-2024
CMP00786,CUST001147,Billing Dispute,Low,16-11-2024,Pending Review,24-11-2024
CMP00787,CUST012826,Fraudulent Charge,High,31-03-2023,Pending Review,15-05-2023
CMP00788,CUST012413,Billing Dispute,Low,21-12-2023,In Progress,23-01-2024
CMP00789,CUST002246,Fraudulent Charge,Medium,22-07-2025,Escalated,31-07-2025
CMP00790,CUST008600,Card Not Received,Medium,05-09-2022,Pending Review,03-06-2022
CMP00791,CUST013387,Fraudulent Charge,High,23-08-2022,Closed,04-10-2022
CMP00792,CUST008928,Reward Points Missing,Medium,02-05-2022,Resolved,26-02-2022
CMP00793,CUST003158,Statement Error,Low,23-05-2024,Closed,29-06-2024
CMP00794,CUST003499,Card Not Received,Critical,23-06-2024,Resolved,07-01-2024
CMP00795,CUST014213,Interest Rate Query,Critical,15-12-2024,In Progress,01-08-2025
CMP00796,CUST011470,Reward Points Missing,Medium,16-09-2024,In Progress,25-10-2024
CMP00797,CUST004402,Late Fee Dispute,Low,06-05-2025,Open,07-01-2025
CMP00798,CUST007664,Late Fee Dispute,Low,02-03-2026,In Progress,28-03-2026
CMP00799,CUST011281,Interest Rate Query,Low,23-12-2022,Closed,18-01-2023
CMP00800,CUST012946,Wrong Amount Charged,Critical,05-02-2025,Escalated,22-03-2025
CMP00801,CUST003280,Late Fee Dispute,Medium,08-02-2025,Open,16-08-2023
CMP00802,CUST009832,Card Damaged,Medium,07-07-2023,Resolved,04-08-2023
CMP00803,CUST013147,Late Fee Dispute,Low,19-07-2025,Closed,22-07-2025
CMP00804,CUST005611,Statement Error,Low,24-12-2025,Open,31-01-2026
CMP00805,CUST005027,App Not Working,Low,19-11-2024,Pending Review,28-12-2024
CMP00806,CUST006095,Reward Points Missing,Medium,13-08-2023,Open,20-09-2023
CMP00807,CUST012202,Late Fee Dispute,High,14-11-2022,In Progress,16-08-2023
CMP00808,CUST012580,Card Damaged,Critical,06-03-2024,Closed,09-03-2024
CMP00809,CUST010112,Statement Error,High,13-03-2023,Resolved,29-03-2023
CMP00810,CUST003412,Fraudulent Charge,Critical,05-02-2024,Closed,05-02-2024
CMP00811,CUST001474,Statement Error,Medium,06-03-2026,Open,16-07-2026
CMP00812,CUST007888,Card Not Received,High,25-09-2024,Resolved,08-11-2024
CMP00813,CUST004798,Fraudulent Charge,High,02-06-2023,Pending Review,23-03-2023
CMP00814,CUST000525,Late Fee Dispute,High,03-08-2023,Closed,11-08-2023
CMP00815,CUST009361,Billing Dispute,High,08-05-2025,Escalated,09-05-2025
CMP00816,CUST014743,Billing Dispute,Medium,27-11-2025,Escalated,28-12-2025
CMP00817,CUST011987,Card Damaged,Low,02-05-2025,Resolved,16-08-2023
CMP00818,CUST003355,Fraudulent Charge,Low,27-07-2026,Open,09-03-2026
CMP00819,CUST003240,Reward Points Missing,Low,09-01-2022,Open,16-08-2023
CMP00820,CUST009822,Statement Error,High,22-12-2023,Resolved,19-01-2024
CMP00821,CUST006602,Fraudulent Charge,Low,24-02-2023,In Progress,03-12-2023
CMP00822,CUST002737,Card Damaged,Low,06-02-2022,Open,28-06-2022
CMP00823,CUST011841,Late Fee Dispute,Medium,24-10-2024,In Progress,26-11-2024
CMP00824,CUST014112,App Not Working,Low,19-06-2026,Resolved,19-07-2026
CMP00825,CUST006121,Statement Error,Low,20-08-2024,In Progress,28-08-2024
CMP00826,CUST014507,Fraudulent Charge,High,01-11-2022,Pending Review,24-11-2022
CMP00827,CUST007619,Card Not Received,Medium,25-02-2023,Open,17-03-2023
CMP00828,CUST008755,Card Damaged,Medium,12-07-2025,Closed,14-08-2025
CMP00829,CUST012098,Card Damaged,Low,17-03-2023,Resolved,19-04-2023
CMP00830,CUST009235,Interest Rate Query,Low,28-06-2022,Escalated,Low
CMP00831,CUST007945,Fraudulent Charge,Low,31-10-2025,Escalated,05-12-2025
CMP00832,CUST010233,Late Fee Dispute,Low,21-12-2024,Resolved,02-01-2025
CMP00833,CUST004561,Wrong Amount Charged,Low,25-07-2023,Open,25-08-2023
CMP00834,CUST009545,Wrong Amount Charged,Critical,19-11-2022,Open,16-08-2023
CMP00835,CUST012561,Reward Points Missing,Critical,29-08-2023,In Progress,29-09-2023
CMP00836,CUST004222,Billing Dispute,High,26-01-2026,Resolved,09-03-2026
CMP00837,CUST009714,Card Damaged,Critical,06-06-2025,In Progress,16-06-2025
CMP00838,CUST009531,Late Fee Dispute,Critical,15-08-2024,Escalated,13-09-2024
CMP00839,CUST010453,Statement Error,Medium,08-04-2025,Escalated,21-08-2025
CMP00840,CUST011604,Card Damaged,Medium,11-08-2024,Pending Review,16-08-2023
CMP00841,CUST006943,Interest Rate Query,Low,13-11-2024,Open,01-12-2024
CMP00842,CUST004545,Billing Dispute,Medium,09-02-2022,Open,20-02-2022
CMP00843,CUST012758,Statement Error,Critical,10-12-2025,Open,13-10-2025
CMP00844,CUST008938,Wrong Amount Charged,Medium,16-04-2025,In Progress,16-04-2025
CMP00845,CUST005828,Fraudulent Charge,Low,21-05-2025,Pending Review,21-05-2025
CMP00846,CUST006090,App Not Working,Low,24-03-2025,Open,16-08-2023
CMP00847,CUST007469,Reward Points Missing,Critical,26-03-2024,Resolved,30-04-2024
CMP00848,CUST003646,Statement Error,High,23-11-2025,Open,11-12-2025
CMP00849,CUST008855,Fraudulent Charge,Low,16-08-2022,Resolved,09-04-2022
CMP00850,CUST007991,Billing Dispute,Critical,12-11-2022,Resolved,24-11-2022
CMP00851,CUST013271,Statement Error,Low,14-01-2023,Escalated,02-12-2023
CMP00852,CUST012188,Fraudulent Charge,High,24-02-2025,Resolved,16-08-2023
CMP00853,CUST002320,Wrong Amount Charged,Low,21-02-2025,Open,03-05-2025
CMP00854,CUST009172,Reward Points Missing,High,09-07-2025,Resolved,12-10-2025
CMP00855,CUST000314,Wrong Amount Charged,High,05-04-2026,Escalated,16-08-2023
CMP00856,CUST005516,Statement Error,High,30-12-2023,Closed,16-08-2023
CMP00857,CUST004671,App Not Working,Medium,16-02-2023,Open,29-03-2023
CMP00858,CUST007256,Billing Dispute,Low,22-05-2022,Resolved,06-08-2022
CMP00859,CUST014577,Late Fee Dispute,High,15-05-2022,Pending Review,03-06-2022
CMP00860,CUST009445,Wrong Amount Charged,Medium,15-04-2023,Resolved,27-04-2023
CMP00861,CUST002900,Interest Rate Query,Medium,21-10-2024,Resolved,11-03-2024
CMP00862,CUST009923,Billing Dispute,Critical,15-09-2023,Resolved,22-09-2023
CMP00863,CUST001702,Fraudulent Charge,Medium,14-11-2022,Resolved,23-12-2022
CMP00864,CUST006547,Interest Rate Query,Medium,26-03-2026,Closed,16-08-2023
CMP00865,CUST013206,App Not Working,Low,13-07-2022,Resolved,31-07-2022
CMP00866,CUST004865,Fraudulent Charge,Low,12-08-2024,Escalated,07-09-2024
CMP00867,CUST011433,App Not Working,Medium,12-10-2024,Open,18-01-2025
CMP00868,CUST004542,Statement Error,Medium,18-12-2023,Closed,14-01-2024
CMP00869,CUST014197,Fraudulent Charge,Low,30-01-2023,Resolved,03-08-2023
CMP00870,CUST000014,Late Fee Dispute,Low,14-05-2025,Escalated,24-05-2025
CMP00871,CUST003027,Card Damaged,Low,29-02-2024,Resolved,07-03-2024
CMP00872,CUST001436,Wrong Amount Charged,High,12-04-2023,Open,17-12-2023
CMP00873,CUST006480,Fraudulent Charge,Medium,12-02-2026,Closed,12-03-2026
CMP00874,CUST005315,Fraudulent Charge,Low,22-12-2025,Resolved,27-01-2026
CMP00875,CUST014305,App Not Working,Medium,22-06-2025,Open,26-06-2025
CMP00876,CUST001615,Card Damaged,Medium,27-01-2023,Open,29-01-2023
CMP00877,CUST010572,Card Not Received,High,16-04-2026,Open,13-05-2026
CMP00878,CUST006381,Statement Error,High,27-02-2023,In Progress,26-03-2023
CMP00879,CUST013715,Fraudulent Charge,Critical,22-06-2026,Escalated,16-08-2023
CMP00880,CUST014495,Interest Rate Query,High,21-04-2026,Open,15-05-2026
CMP00881,CUST004432,Statement Error,Low,30-07-2025,Open,31-07-2025
CMP00882,CUST008956,Statement Error,Medium,09-07-2022,Resolved,23-07-2022
CMP00883,CUST005832,Card Damaged,Low,28-07-2023,Closed,20-08-2023
CMP00884,CUST008181,Reward Points Missing,Medium,09-01-2025,Resolved,20-01-2025
CMP00885,CUST012685,Fraudulent Charge,Critical,05-01-2024,Pending Review,13-02-2024
CMP00886,CUST000587,Card Not Received,High,20-08-2025,Open,29-09-2025
CMP00887,CUST012853,Fraudulent Charge,High,13-12-2023,Resolved,06-01-2024
CMP00888,CUST012584,Card Damaged,Medium,09-02-2025,Resolved,09-08-2025
CMP00889,CUST005884,Card Damaged,High,25-07-2022,Escalated,03-09-2022
CMP00890,CUST006967,Late Fee Dispute,Medium,08-07-2024,Closed,08-08-2024
CMP00891,CUST011513,Fraudulent Charge,Low,23-11-2025,Closed,02-01-2026
CMP00892,CUST014609,Reward Points Missing,Medium,02-03-2024,Open,15-03-2024
CMP00893,CUST010772,App Not Working,Low,25-06-2024,Resolved,10-07-2024
CMP00894,CUST012820,App Not Working,Low,19-05-2026,Open,23-05-2026
CMP00895,CUST012462,Reward Points Missing,Low,03-01-2025,Resolved,04-07-2025
CMP00896,CUST010792,Card Not Received,Low,10-04-2025,In Progress,18-05-2025
CMP00897,CUST014008,Reward Points Missing,High,11-02-2024,Resolved,30-11-2024
CMP00898,CUST000450,App Not Working,Low,08-09-2022,Closed,09-12-2022
CMP00899,CUST003023,Wrong Amount Charged,Medium,03-07-2022,Resolved,21-03-2022
CMP00900,CUST005659,Billing Dispute,High,25-03-2022,Open,26-04-2022
CMP00901,CUST003647,Card Damaged,High,03-04-2026,Escalated,27-04-2026
CMP00902,CUST007540,Card Damaged,Medium,23-08-2022,Resolved,16-08-2023
CMP00903,CUST005186,Card Not Received,Low,18-06-2025,Pending Review,27-06-2025
CMP00904,CUST001294,Card Damaged,Low,26-01-2026,Escalated,24-02-2026
CMP00905,CUST009712,Fraudulent Charge,Medium,16-11-2022,Open,12-06-2022
CMP00906,CUST009980,App Not Working,High,13-01-2022,Escalated,23-02-2022
CMP00907,CUST001242,Late Fee Dispute,High,28-05-2026,Pending Review,07-06-2026
CMP00908,CUST012192,Statement Error,Low,28-03-2024,Pending Review,16-08-2023
CMP00909,CUST014080,Card Damaged,High,15-07-2023,Resolved,19-08-2023
CMP00910,CUST014261,Interest Rate Query,Critical,05-01-2025,In Progress,16-08-2023
CMP00911,CUST004336,Billing Dispute,Low,03-11-2025,Resolved,16-08-2023
CMP00912,CUST008823,Card Damaged,Critical,04-08-2024,Escalated,14-04-2024
CMP00913,CUST004664,App Not Working,High,12-07-2023,Open,17-08-2023
CMP00914,CUST009406,Card Not Received,Low,26-06-2025,Escalated,07-02-2025
CMP00915,CUST003651,Card Not Received,Medium,14-09-2024,Escalated,27-10-2024
CMP00916,CUST000186,App Not Working,Medium,29-10-2022,Closed,16-08-2023
CMP00917,CUST003428,Wrong Amount Charged,Low,15-08-2025,In Progress,24-08-2025
CMP00918,CUST009388,Billing Dispute,Critical,23-03-2023,Resolved,28-04-2023
CMP00919,CUST012293,Interest Rate Query,Low,09-03-2023,Pending Review,09-06-2023
CMP00920,CUST008620,App Not Working,Low,20-08-2025,Escalated,03-10-2025
CMP00921,CUST014226,Statement Error,Critical,01-11-2023,Pending Review,09-11-2023
CMP00922,CUST001784,Late Fee Dispute,Low,25-04-2022,Resolved,19-05-2022
CMP00923,CUST008450,Wrong Amount Charged,High,24-05-2023,In Progress,29-06-2023
CMP00924,CUST002024,Late Fee Dispute,Low,09-12-2022,Resolved,19-01-2023
CMP00925,CUST011270,Fraudulent Charge,Medium,26-03-2022,Open,15-04-2022
CMP00926,CUST011452,Fraudulent Charge,Critical,19-07-2022,Resolved,19-07-2022
CMP00927,CUST013320,Billing Dispute,Critical,17-06-2026,Resolved,07-07-2026
CMP00928,CUST004221,Billing Dispute,Low,09-10-2024,Pending Review,22-09-2024
CMP00929,CUST010438,Billing Dispute,Low,29-03-2025,Resolved,04-10-2025
CMP00930,CUST007540,Reward Points Missing,Medium,27-10-2025,Resolved,02-12-2025
CMP00931,CUST012612,Card Damaged,High,24-01-2025,Open,09-02-2025
CMP00932,CUST010933,Interest Rate Query,Low,30-08-2023,Pending Review,14-10-2023
CMP00933,CUST008491,Billing Dispute,Medium,09-02-2025,Open,10-10-2025
CMP00934,CUST012486,Interest Rate Query,High,20-08-2024,Resolved,01-09-2024
CMP00935,CUST004801,Card Damaged,Low,03-08-2025,Closed,Low
CMP00936,CUST001704,Card Not Received,High,23-08-2025,In Progress,09-04-2025
CMP00937,CUST010573,Interest Rate Query,Medium,24-03-2026,Open,16-04-2026
CMP00938,CUST008913,Card Damaged,Medium,04-08-2026,Resolved,23-05-2026
CMP00939,CUST012443,Wrong Amount Charged,Low,05-09-2024,Pending Review,18-06-2024
CMP00940,CUST005672,Reward Points Missing,Medium,22-08-2022,In Progress,27-08-2022
CMP00941,CUST005787,Wrong Amount Charged,Low,31-03-2022,Open,16-08-2023
CMP00942,CUST003754,Billing Dispute,Medium,17-04-2024,Resolved,18-04-2024
CMP00943,CUST008085,Interest Rate Query,High,06-04-2022,Closed,20-06-2022
CMP00944,CUST001730,Interest Rate Query,High,11-09-2025,Open,05-10-2025
CMP00945,CUST014827,Card Damaged,Low,07-10-2022,Escalated,27-07-2022
CMP00946,CUST002615,Interest Rate Query,Medium,17-07-2023,Open,24-08-2023
CMP00947,CUST004882,Reward Points Missing,Low,28-09-2024,Escalated,16-08-2023
CMP00948,CUST006891,Card Not Received,Low,21-08-2025,Open,26-08-2025
CMP00949,CUST003883,App Not Working,High,30-09-2025,Escalated,01-10-2025
CMP00950,CUST014020,Statement Error,Low,01-10-2022,Escalated,21-02-2022
CMP00951,CUST013485,Card Damaged,Low,30-10-2025,Resolved,25-11-2025
CMP00952,CUST009049,Wrong Amount Charged,Low,08-06-2022,Pending Review,07-04-2022
CMP00953,CUST000805,Interest Rate Query,Critical,23-12-2025,In Progress,18-01-2026
CMP00954,CUST005921,Statement Error,Medium,23-03-2025,In Progress,28-03-2025
CMP00955,CUST014816,Reward Points Missing,Medium,12-04-2024,Escalated,16-12-2024
CMP00956,CUST011259,App Not Working,Medium,06-04-2022,Open,16-08-2023
CMP00957,CUST000661,Card Damaged,High,20-08-2022,Open,30-08-2022
CMP00958,CUST003716,Fraudulent Charge,Medium,06-02-2024,Pending Review,14-03-2024
CMP00959,CUST009757,Card Damaged,High,06-01-2023,Pending Review,07-07-2023
CMP00960,CUST010213,Card Not Received,Low,03-03-2026,Open,19-03-2026
CMP00961,CUST008492,Reward Points Missing,Medium,11-08-2026,Pending Review,16-08-2023
CMP00962,CUST001915,Fraudulent Charge,High,11-03-2023,Open,18-11-2023
CMP00963,CUST003523,Card Not Received,Medium,19-07-2025,Resolved,02-08-2025
CMP00964,CUST007934,Statement Error,High,15-11-2022,Escalated,25-12-2022
CMP00965,CUST005914,Late Fee Dispute,Low,12-06-2025,Resolved,Low
CMP00966,CUST013583,Late Fee Dispute,Low,08-11-2026,Pending Review,01-09-2026
CMP00967,CUST006984,Card Damaged,Medium,11-12-2025,Pending Review,07-12-2025
CMP00968,CUST007039,App Not Working,Medium,12-08-2025,Closed,20-12-2025
CMP00969,CUST011737,Reward Points Missing,Low,23-11-2022,In Progress,30-11-2022
CMP00970,CUST009877,Late Fee Dispute,High,06-12-2022,Closed,16-08-2023
CMP00971,CUST007488,Billing Dispute,High,28-12-2023,Pending Review,16-08-2023
CMP00972,CUST011817,Wrong Amount Charged,Low,06-06-2024,Resolved,06-12-2024
CMP00973,CUST012407,Interest Rate Query,Low,15-06-2026,Resolved,14-07-2026
CMP00974,CUST005491,Card Damaged,High,03-07-2025,Resolved,14-07-2025
CMP00975,CUST010333,Billing Dispute,Low,14-01-2024,Resolved,29-01-2024
CMP00976,CUST004674,App Not Working,High,23-08-2024,Resolved,07-10-2024
CMP00977,CUST007493,Billing Dispute,High,03-07-2025,In Progress,07-12-2025
CMP00978,CUST013769,Fraudulent Charge,Low,09-01-2025,Open,15-09-2025
CMP00979,CUST002872,Billing Dispute,High,03-02-2024,Pending Review,26-03-2024
CMP00980,CUST003755,Card Not Received,Medium,17-01-2022,Resolved,22-02-2022
CMP00981,CUST007803,Card Damaged,Medium,02-12-2024,Open,22-03-2024
CMP00982,CUST000761,Wrong Amount Charged,Critical,19-10-2023,Escalated,11-09-2023
CMP00983,CUST002470,Interest Rate Query,Medium,06-11-2024,Resolved,16-08-2023
CMP00984,CUST008705,Statement Error,Medium,03-12-2022,Resolved,12-08-2022
CMP00985,CUST013860,Statement Error,Low,01-11-2024,Escalated,12-04-2024
CMP00986,CUST007178,Wrong Amount Charged,High,27-01-2022,Open,27-02-2022
CMP00987,CUST004850,Billing Dispute,Critical,28-05-2025,Closed,07-05-2025
CMP00988,CUST011181,Statement Error,Medium,19-08-2026,Escalated,16-08-2023
CMP00989,CUST011328,Billing Dispute,Medium,18-02-2026,Closed,16-08-2023
CMP00990,CUST001605,Billing Dispute,Medium,07-02-2025,Pending Review,20-03-2025
CMP00991,CUST001689,Billing Dispute,Low,23-01-2025,Resolved,03-06-2025
CMP00992,CUST003240,App Not Working,Low,13-09-2022,In Progress,28-10-2022
CMP00993,CUST001666,App Not Working,Medium,29-03-2024,Pending Review,29-04-2024
CMP00994,CUST005112,Interest Rate Query,Critical,12-07-2025,In Progress,13-01-2026
CMP00995,CUST004281,Fraudulent Charge,Medium,13-11-2025,Closed,20-12-2025
CMP00996,CUST007589,Fraudulent Charge,Low,25-01-2022,In Progress,29-01-2022
CMP00997,CUST007810,Fraudulent Charge,Low,15-04-2025,In Progress,22-04-2025
CMP00998,CUST012136,Card Not Received,Low,08-10-2022,In Progress,19-11-2022
CMP00999,CUST014476,Wrong Amount Charged,High,14-03-2026,Resolved,21-03-2026
CMP01000,CUST007705,Interest Rate Query,Medium,12-01-2025,Resolved,20-12-2025
CMP01001,CUST001068,Fraudulent Charge,Low,02-06-2024,Closed,22-03-2024
CMP01002,CUST005961,Billing Dispute,Low,16-12-2023,Pending Review,16-01-2024
CMP01003,CUST009637,Billing Dispute,High,22-08-2024,Resolved,03-10-2024
CMP01004,CUST007063,Card Not Received,Low,07-07-2023,Resolved,27-07-2023
CMP01005,CUST003943,Reward Points Missing,High,16-01-2026,Open,31-01-2026
CMP01006,CUST007770,Card Not Received,Low,25-02-2025,Closed,10-04-2025
CMP01007,CUST011624,Fraudulent Charge,High,28-09-2024,Closed,11-10-2024
CMP01008,CUST000437,Card Not Received,High,11-06-2022,Pending Review,20-11-2022
CMP01009,CUST011844,Fraudulent Charge,Critical,14-06-2023,Open,16-08-2023
CMP01010,CUST001358,Wrong Amount Charged,Critical,17-01-2026,Closed,26-02-2026
CMP01011,CUST009955,Card Damaged,High,25-11-2025,Resolved,16-08-2023
CMP01012,CUST007452,Wrong Amount Charged,Medium,06-04-2025,In Progress,19-04-2025
CMP01013,CUST012121,Reward Points Missing,Low,25-08-2024,In Progress,31-08-2024
CMP01014,CUST006443,Statement Error,Low,26-11-2022,Resolved,06-01-2023
CMP01015,CUST008398,Statement Error,High,08-02-2025,Resolved,16-08-2023
CMP01016,CUST004773,App Not Working,Critical,14-04-2022,In Progress,28-04-2022
CMP01017,CUST005312,Late Fee Dispute,Medium,21-11-2024,In Progress,01-03-2025
CMP01018,CUST010684,Interest Rate Query,Low,14-12-2023,Resolved,17-01-2024
CMP01019,CUST012977,Billing Dispute,Medium,08-09-2023,Escalated,16-08-2023
CMP01020,CUST013569,Statement Error,Medium,23-01-2022,Closed,02-10-2022
CMP01021,CUST007202,Wrong Amount Charged,Low,10-03-2024,Pending Review,05-11-2024
CMP01022,CUST004044,Reward Points Missing,Low,19-10-2022,Open,25-10-2022
CMP01023,CUST003012,Late Fee Dispute,Medium,18-02-2026,Escalated,26-02-2026
CMP01024,CUST008471,Card Damaged,Low,03-01-2024,Closed,04-01-2024
CMP01025,CUST001644,Reward Points Missing,Critical,07-12-2024,Closed,23-12-2024
CMP01026,CUST014397,Reward Points Missing,High,04-02-2024,Pending Review,15-02-2024
CMP01027,CUST008743,Card Not Received,Low,28-07-2026,Escalated,28-08-2026
CMP01028,CUST014240,Reward Points Missing,Low,14-07-2024,Resolved,08-11-2024
CMP01029,CUST011187,Statement Error,Critical,23-07-2022,Resolved,30-07-2022
CMP01030,CUST013351,Interest Rate Query,Low,07-07-2025,Closed,27-07-2025
CMP01031,CUST009542,Wrong Amount Charged,Critical,23-11-2025,In Progress,31-12-2025
CMP01032,CUST007388,Card Not Received,High,26-04-2024,Escalated,30-05-2024
CMP01033,CUST014847,Card Not Received,Critical,27-07-2023,Pending Review,08-02-2023
CMP01034,CUST008315,Statement Error,High,26-09-2023,Escalated,11-03-2023
CMP01035,CUST004722,Interest Rate Query,Medium,03-10-2025,Escalated,07-04-2025
CMP01036,CUST009552,Interest Rate Query,Medium,19-09-2023,Closed,24-09-2023
CMP01037,CUST009749,App Not Working,High,10-10-2025,Pending Review,16-08-2023
CMP01038,CUST013627,Wrong Amount Charged,Low,19-03-2022,In Progress,04-08-2022
CMP01039,CUST014163,Statement Error,Low,15-04-2025,Pending Review,21-05-2025
CMP01040,CUST005579,Statement Error,Medium,11-11-2022,Open,20-12-2022
CMP01041,CUST003923,Billing Dispute,High,30-08-2023,Pending Review,16-08-2023
CMP01042,CUST001485,Reward Points Missing,Low,19-01-2022,Open,27-01-2022
CMP01043,CUST002489,Late Fee Dispute,High,31-01-2024,Open,16-08-2023
CMP01044,CUST012617,Wrong Amount Charged,Low,23-03-2022,Pending Review,13-04-2022
CMP01045,CUST010084,Late Fee Dispute,Critical,27-07-2023,Open,Low
CMP01046,CUST001539,Fraudulent Charge,Critical,09-08-2024,Open,09-12-2024
CMP01047,CUST012926,Card Not Received,High,05-11-2022,Open,12-11-2022
CMP01048,CUST010688,Billing Dispute,Low,17-02-2026,Escalated,04-03-2026
CMP01049,CUST007691,Interest Rate Query,High,07-05-2026,Pending Review,16-08-2023
CMP01050,CUST005943,Reward Points Missing,Medium,21-01-2024,Escalated,22-02-2024
CMP01051,CUST007730,Fraudulent Charge,High,07-03-2022,In Progress,06-08-2022
CMP01052,CUST007569,Card Not Received,Medium,20-03-2023,Escalated,14-04-2023
CMP01053,CUST010168,Billing Dispute,Low,20-01-2022,Escalated,13-02-2022
CMP01054,CUST004104,Fraudulent Charge,Low,01-03-2024,Closed,16-08-2023
CMP01055,CUST007714,Card Not Received,Low,13-07-2025,Resolved,19-08-2025
CMP01056,CUST001266,Statement Error,Medium,03-01-2024,Escalated,25-03-2024
CMP01057,CUST014778,Billing Dispute,Critical,04-02-2026,Open,16-08-2023
CMP01058,CUST000584,App Not Working,Low,20-05-2022,Resolved,Low
CMP01059,CUST005218,Late Fee Dispute,Medium,06-03-2023,In Progress,16-08-2023
CMP01060,CUST008753,Interest Rate Query,Low,25-08-2023,Escalated,16-09-2023
CMP01061,CUST003923,Billing Dispute,Low,16-08-2022,Closed,10-09-2022
CMP01062,CUST008923,Billing Dispute,High,07-08-2026,Pending Review,21-08-2026
CMP01063,CUST014326,Wrong Amount Charged,Medium,21-04-2022,Open,27-04-2022
CMP01064,CUST008047,Interest Rate Query,Low,10-12-2023,In Progress,24-10-2023
CMP01065,CUST000761,Wrong Amount Charged,Medium,18-11-2023,Open,23-12-2023
CMP01066,CUST012173,Statement Error,Medium,23-07-2022,Resolved,20-08-2022
CMP01067,CUST002655,Card Not Received,High,15-02-2026,Resolved,25-02-2026
CMP01068,CUST003285,Card Not Received,High,22-04-2026,Escalated,25-05-2026
CMP01069,CUST008248,Fraudulent Charge,Medium,14-03-2025,Closed,22-04-2025
CMP01070,CUST005596,Reward Points Missing,Medium,23-01-2024,Open,03-08-2024
CMP01071,CUST011924,Card Damaged,Critical,26-02-2026,Escalated,04-06-2026
CMP01072,CUST003331,Statement Error,Low,18-03-2024,Closed,02-05-2024
CMP01073,CUST010416,App Not Working,High,27-10-2024,Closed,09-11-2024
CMP01074,CUST002276,Late Fee Dispute,Medium,04-07-2024,In Progress,04-09-2024
CMP01075,CUST007239,Reward Points Missing,Low,01-01-2025,Resolved,Low
CMP01076,CUST007748,Card Damaged,High,29-04-2022,Open,16-08-2023
CMP01077,CUST003257,Reward Points Missing,Critical,05-05-2026,Open,06-12-2026
CMP01078,CUST000679,App Not Working,Medium,29-05-2023,Resolved,23-06-2023
CMP01079,CUST005510,Wrong Amount Charged,Medium,14-12-2024,Open,05-01-2025
CMP01080,CUST011886,Statement Error,High,29-03-2025,Open,04-11-2025
CMP01081,CUST000982,Reward Points Missing,Low,21-07-2024,Pending Review,30-08-2024
CMP01082,CUST002292,Late Fee Dispute,Medium,31-12-2022,Closed,25-01-2023
CMP01083,CUST005844,Interest Rate Query,Medium,11-08-2023,Escalated,Low
CMP01084,CUST004944,Statement Error,High,08-01-2024,In Progress,16-08-2023
CMP01085,CUST008218,Late Fee Dispute,Low,30-08-2024,Escalated,09-04-2024
CMP01086,CUST006281,Fraudulent Charge,Critical,15-04-2022,Open,16-04-2022
CMP01087,CUST011301,Reward Points Missing,Low,24-11-2025,Open,02-01-2026
CMP01088,CUST010526,Late Fee Dispute,Critical,29-09-2025,In Progress,18-10-2025
CMP01089,CUST000550,Card Damaged,Medium,22-12-2024,In Progress,29-01-2025
CMP01090,CUST012570,Late Fee Dispute,Low,04-06-2022,Closed,16-08-2023
CMP01091,CUST003407,Interest Rate Query,Critical,12-07-2022,Closed,09-01-2023
CMP01092,CUST012509,Fraudulent Charge,Medium,15-12-2024,Open,06-01-2025
CMP01093,CUST011610,Billing Dispute,Critical,12-10-2024,Resolved,16-08-2023
CMP01094,CUST002961,App Not Working,High,07-06-2024,Closed,20-07-2024
CMP01095,CUST005045,Billing Dispute,High,06-02-2024,Resolved,15-03-2024
CMP01096,CUST000070,Wrong Amount Charged,High,03-11-2024,In Progress,16-08-2023
CMP01097,CUST012761,Statement Error,Low,20-07-2022,Pending Review,05-08-2022
CMP01098,CUST012853,Card Not Received,Medium,10-06-2026,Pending Review,16-08-2023
CMP01099,CUST002951,Card Damaged,Low,27-10-2025,Escalated,27-10-2025
CMP01100,CUST013130,Statement Error,Medium,03-01-2025,Pending Review,02-12-2025
CMP01101,CUST012913,Billing Dispute,Low,13-11-2024,Closed,27-11-2024
CMP01102,CUST005698,Wrong Amount Charged,Low,26-12-2024,Open,05-01-2025
CMP01103,CUST012115,Statement Error,Low,15-09-2022,Closed,15-10-2022
CMP01104,CUST003423,Reward Points Missing,Critical,17-08-2023,Open,16-08-2023
CMP01105,CUST012421,Reward Points Missing,Critical,02-09-2022,Open,10-03-2022
CMP01106,CUST000030,Interest Rate Query,Medium,30-09-2024,Closed,08-11-2024
CMP01107,CUST006782,App Not Working,High,13-08-2026,Resolved,24-08-2026
CMP01108,CUST010497,Card Not Received,Medium,26-07-2024,Resolved,27-07-2024
CMP01109,CUST004183,Reward Points Missing,High,08-03-2024,Open,15-09-2024
CMP01110,CUST002748,Interest Rate Query,Medium,04-09-2025,Closed,16-05-2025
CMP01111,CUST007190,App Not Working,Medium,16-05-2024,Pending Review,25-06-2024
CMP01112,CUST004165,Wrong Amount Charged,Low,28-11-2024,Open,01-11-2025
CMP01113,CUST008149,Interest Rate Query,High,19-12-2025,Resolved,14-01-2026
CMP01114,CUST011486,Statement Error,High,13-01-2025,Resolved,10-02-2025
CMP01115,CUST005026,Statement Error,Critical,03-01-2022,In Progress,02-01-2022
CMP01116,CUST010497,Fraudulent Charge,High,03-11-2024,Open,04-03-2024
CMP01117,CUST009395,Card Damaged,Medium,22-11-2023,Closed,27-11-2023
CMP01118,CUST000744,Interest Rate Query,Medium,14-04-2023,In Progress,24-05-2023
CMP01119,CUST014222,Interest Rate Query,High,30-06-2025,Open,10-07-2025
CMP01120,CUST010887,Late Fee Dispute,Medium,07-03-2025,Escalated,16-08-2023
CMP01121,CUST010074,Fraudulent Charge,High,24-01-2025,Resolved,16-08-2023
CMP01122,CUST012252,Wrong Amount Charged,Medium,08-02-2022,Resolved,17-03-2022
CMP01123,CUST010281,Interest Rate Query,High,07-04-2022,Resolved,22-05-2022
CMP01124,CUST002954,Reward Points Missing,Critical,26-04-2026,Resolved,06-06-2026
CMP01125,CUST007260,Billing Dispute,High,23-03-2022,Resolved,30-04-2022
CMP01126,CUST012993,Fraudulent Charge,Low,09-09-2025,Pending Review,21-10-2025
CMP01127,CUST001103,Wrong Amount Charged,Low,22-09-2025,Pending Review,22-09-2025
CMP01128,CUST007792,Statement Error,Low,09-12-2024,Pending Review,10-10-2024
CMP01129,CUST004629,Late Fee Dispute,Medium,04-02-2024,In Progress,15-03-2024
CMP01130,CUST005590,Late Fee Dispute,Low,15-12-2023,Pending Review,16-08-2023
CMP01131,CUST013311,Card Not Received,Low,18-05-2026,Escalated,18-05-2026
CMP01132,CUST007264,App Not Working,Low,17-12-2025,Escalated,25-01-2026
CMP01133,CUST008064,Reward Points Missing,Critical,24-01-2025,Closed,08-03-2025
CMP01134,CUST012938,Wrong Amount Charged,Low,19-10-2025,Open,29-11-2025
CMP01135,CUST002270,Billing Dispute,Low,17-05-2025,Pending Review,27-06-2025
CMP01136,CUST001030,Card Not Received,Medium,21-02-2025,Open,16-08-2023
CMP01137,CUST003659,Reward Points Missing,Low,14-09-2023,Resolved,23-09-2023
CMP01138,CUST008272,Interest Rate Query,Low,17-04-2023,In Progress,13-05-2023
CMP01139,CUST001599,Interest Rate Query,Low,03-04-2026,Escalated,16-08-2023
CMP01140,CUST005598,Reward Points Missing,Medium,23-03-2026,Resolved,05-05-2026
CMP01141,CUST006780,Interest Rate Query,High,01-12-2022,Open,27-12-2022
CMP01142,CUST009086,Card Not Received,Low,18-12-2022,Pending Review,28-01-2023
CMP01143,CUST002777,Card Not Received,Low,18-06-2025,Open,21-07-2025
CMP01144,CUST008858,Card Not Received,Low,06-06-2024,In Progress,16-06-2024
CMP01145,CUST013998,Late Fee Dispute,High,28-09-2022,Resolved,15-10-2022
CMP01146,CUST005451,Card Not Received,Critical,30-04-2022,Escalated,06-01-2022
CMP01147,CUST012019,Statement Error,Medium,19-07-2022,Closed,20-08-2022
CMP01148,CUST012690,Late Fee Dispute,Medium,02-01-2025,Open,02-06-2025
CMP01149,CUST002778,App Not Working,Low,02-03-2025,In Progress,16-08-2023
CMP01150,CUST002372,Statement Error,Low,21-12-2024,Pending Review,19-01-2025
CMP01151,CUST010050,Card Not Received,Medium,22-12-2022,Open,01-08-2023
CMP01152,CUST002932,Fraudulent Charge,High,29-01-2026,Resolved,02-10-2026
CMP01153,CUST007780,Card Not Received,Medium,14-04-2025,Open,05-09-2025
CMP01154,CUST010662,Late Fee Dispute,Critical,08-05-2022,Resolved,16-08-2023
CMP01155,CUST000605,Late Fee Dispute,Low,26-02-2025,In Progress,04-03-2025
CMP01156,CUST010873,Fraudulent Charge,High,14-09-2024,In Progress,17-10-2024
CMP01157,CUST011479,App Not Working,High,12-03-2025,Pending Review,16-08-2023
CMP01158,CUST001266,Card Damaged,Critical,02-07-2022,Pending Review,16-08-2023
CMP01159,CUST009883,Card Damaged,Low,28-12-2023,Closed,01-05-2024
CMP01160,CUST007857,Interest Rate Query,Low,18-01-2026,In Progress,12-02-2026
CMP01161,CUST014501,Fraudulent Charge,Medium,24-06-2022,Open,07-06-2022
CMP01162,CUST005292,Statement Error,Low,31-10-2023,Open,16-11-2023
CMP01163,CUST003364,Card Damaged,Medium,09-08-2026,Resolved,08-10-2026
CMP01164,CUST011223,Reward Points Missing,Medium,29-07-2024,Open,09-06-2024
CMP01165,CUST008056,Wrong Amount Charged,Medium,01-05-2022,Pending Review,17-01-2022
CMP01166,CUST014480,Wrong Amount Charged,Low,27-08-2023,Closed,10-02-2023
CMP01167,CUST014665,Card Not Received,Critical,22-07-2022,Open,26-07-2022
CMP01168,CUST001358,App Not Working,Low,15-08-2024,Resolved,22-08-2024
CMP01169,CUST000926,Late Fee Dispute,Low,01-09-2022,Resolved,22-01-2022
CMP01170,CUST002954,Wrong Amount Charged,High,08-02-2025,Resolved,14-09-2025
CMP01171,CUST011985,Fraudulent Charge,Low,16-07-2025,Escalated,28-07-2025
CMP01172,CUST009830,Late Fee Dispute,Low,21-02-2025,Resolved,03-03-2025
CMP01173,CUST001160,Card Damaged,High,09-07-2022,Resolved,31-07-2022
CMP01174,CUST006865,Card Damaged,Medium,13-11-2022,Open,19-11-2022
CMP01175,CUST014445,Billing Dispute,High,24-02-2022,Pending Review,22-03-2022
CMP01176,CUST004266,Statement Error,Medium,02-08-2024,Escalated,03-09-2024
CMP01177,CUST009200,Interest Rate Query,Medium,15-05-2026,Resolved,19-06-2026
CMP01178,CUST013574,Interest Rate Query,High,08-05-2026,Open,08-11-2026
CMP01179,CUST010752,Statement Error,Low,17-02-2023,Escalated,16-03-2023
CMP01180,CUST010545,Statement Error,Low,16-08-2024,Resolved,21-08-2024
CMP01181,CUST014361,App Not Working,Medium,10-06-2022,Open,19-06-2022
CMP01182,CUST013909,Interest Rate Query,High,18-09-2023,Pending Review,16-08-2023
CMP01183,CUST006285,Statement Error,Low,04-02-2023,Pending Review,16-08-2023
CMP01184,CUST011441,Billing Dispute,Medium,09-10-2022,Closed,16-08-2023
CMP01185,CUST008998,Card Not Received,Medium,28-06-2026,In Progress,08-03-2026
CMP01186,CUST001897,Billing Dispute,Low,04-04-2025,Closed,18-04-2025
CMP01187,CUST011027,App Not Working,Medium,24-10-2022,Open,11-06-2022
CMP01188,CUST005771,Billing Dispute,Low,16-10-2025,Open,17-10-2025
CMP01189,CUST001725,Card Damaged,High,14-03-2023,Resolved,31-03-2023
CMP01190,CUST010679,App Not Working,High,16-02-2023,Open,02-03-2023
CMP01191,CUST001927,Fraudulent Charge,High,29-05-2026,Open,27-06-2026
CMP01192,CUST002238,Statement Error,Medium,27-02-2025,Resolved,22-03-2025
CMP01193,CUST008793,Interest Rate Query,Medium,06-12-2023,Escalated,08-07-2023
CMP01194,CUST008512,Fraudulent Charge,Medium,05-09-2022,Pending Review,16-08-2023
CMP01195,CUST011494,Card Damaged,Critical,01-06-2024,Open,13-01-2024
CMP01196,CUST001324,Billing Dispute,Medium,19-02-2024,In Progress,06-03-2024
CMP01197,CUST005941,Wrong Amount Charged,Low,17-10-2023,Resolved,29-11-2023
CMP01198,CUST012547,Late Fee Dispute,High,27-10-2025,In Progress,06-12-2025
CMP01199,CUST005039,Interest Rate Query,Medium,24-04-2022,Escalated,24-04-2022
CMP01200,CUST008513,Late Fee Dispute,High,29-04-2026,Open,16-08-2023
CMP01201,CUST003803,Reward Points Missing,High,02-07-2024,Open,16-08-2023
CMP01202,CUST006660,Billing Dispute,Medium,17-11-2024,Pending Review,12-09-2024
CMP01203,CUST013396,Reward Points Missing,Medium,16-06-2026,In Progress,16-08-2023
CMP01204,CUST009333,Reward Points Missing,Low,10-09-2024,Closed,13-11-2024
CMP01205,CUST014612,Wrong Amount Charged,Low,07-01-2023,Escalated,15-07-2023
CMP01206,CUST014578,Reward Points Missing,High,01-01-2025,Closed,01-09-2025
CMP01207,CUST004207,Interest Rate Query,Medium,08-04-2025,In Progress,13-04-2025
CMP01208,CUST004466,Late Fee Dispute,High,26-07-2024,Open,07-08-2024
CMP01209,CUST002743,Interest Rate Query,Medium,03-05-2026,Resolved,06-10-2026
CMP01210,CUST003235,Card Damaged,High,30-01-2026,Pending Review,24-02-2026
CMP01211,CUST003344,Card Not Received,Medium,11-01-2025,Open,08-12-2025
CMP01212,CUST011278,Reward Points Missing,Medium,04-10-2025,In Progress,16-08-2023
CMP01213,CUST004554,Card Damaged,Medium,12-01-2024,In Progress,24-02-2024
CMP01214,CUST008921,Interest Rate Query,Low,05-07-2026,Open,27-05-2026
CMP01215,CUST004378,App Not Working,Critical,19-11-2024,Resolved,30-12-2024
CMP01216,CUST000332,App Not Working,Medium,11-12-2025,Escalated,25-12-2025
CMP01217,CUST008566,Card Damaged,Low,03-11-2022,Resolved,21-03-2022
CMP01218,CUST005889,Statement Error,Low,18-04-2024,Resolved,Low
CMP01219,CUST008952,Card Damaged,High,14-11-2022,In Progress,12-06-2022
CMP01220,CUST010768,Billing Dispute,Low,28-04-2023,Resolved,18-05-2023
CMP01221,CUST004102,Late Fee Dispute,Low,19-12-2025,Resolved,19-12-2025
CMP01222,CUST014026,Card Not Received,High,22-09-2025,Closed,15-10-2025
CMP01223,CUST013726,Fraudulent Charge,Medium,22-10-2025,Pending Review,22-11-2025
CMP01224,CUST004978,App Not Working,High,17-06-2022,Resolved,16-08-2023
CMP01225,CUST009636,Billing Dispute,Low,04-08-2024,Resolved,09-05-2024
CMP01226,CUST005897,Card Not Received,Low,07-08-2024,Open,29-07-2024
CMP01227,CUST009103,Card Not Received,Critical,23-10-2024,Resolved,03-12-2024
CMP01228,CUST005732,Fraudulent Charge,Low,20-11-2024,Open,01-04-2025
CMP01229,CUST014563,Late Fee Dispute,Low,30-10-2024,Open,11-11-2024
CMP01230,CUST008863,Billing Dispute,Low,02-03-2022,Pending Review,16-08-2023
CMP01231,CUST011575,Late Fee Dispute,Low,19-10-2024,Closed,07-11-2024
CMP01232,CUST012349,Reward Points Missing,Critical,05-05-2022,Pending Review,15-05-2022
CMP01233,CUST008090,Billing Dispute,Medium,26-03-2024,Open,15-04-2024
CMP01234,CUST008837,Interest Rate Query,Medium,20-01-2026,Open,16-08-2023
CMP01235,CUST006851,Interest Rate Query,High,04-10-2024,Resolved,17-10-2024
CMP01236,CUST000519,Card Not Received,High,11-05-2026,Open,23-05-2026
CMP01237,CUST013015,Fraudulent Charge,Low,15-05-2023,Pending Review,18-06-2023
CMP01238,CUST005329,Interest Rate Query,Critical,26-01-2024,Closed,17-02-2024
CMP01239,CUST012565,Card Not Received,High,09-03-2023,Open,10-09-2023
CMP01240,CUST009730,App Not Working,Medium,07-04-2023,Closed,09-04-2023
CMP01241,CUST005172,Reward Points Missing,High,23-01-2025,Pending Review,09-02-2025
CMP01242,CUST013328,App Not Working,Low,02-11-2022,Pending Review,16-03-2022
CMP01243,CUST001336,Wrong Amount Charged,Medium,27-04-2026,Open,16-08-2023
CMP01244,CUST010277,Fraudulent Charge,Critical,08-11-2022,Resolved,21-08-2022
CMP01245,CUST009606,Billing Dispute,High,20-08-2022,Escalated,01-10-2022
CMP01246,CUST011098,Card Damaged,Critical,25-06-2022,Resolved,31-07-2022
CMP01247,CUST002495,Statement Error,Low,28-12-2024,Resolved,22-01-2025
CMP01248,CUST007042,Statement Error,Critical,25-06-2025,Open,08-09-2025
CMP01249,CUST008053,Fraudulent Charge,Low,05-12-2022,Pending Review,12-06-2022
CMP01250,CUST014517,Wrong Amount Charged,High,05-04-2023,Open,06-05-2023
CMP01251,CUST012198,Wrong Amount Charged,Low,05-08-2023,Pending Review,27-08-2023
CMP01252,CUST014839,Fraudulent Charge,Low,22-05-2026,Open,06-03-2026
CMP01253,CUST000143,Interest Rate Query,High,19-05-2025,Resolved,06-06-2025
CMP01254,CUST012339,Card Not Received,Low,08-03-2024,In Progress,10-03-2024
CMP01255,CUST008515,Reward Points Missing,Low,24-02-2024,Resolved,29-02-2024
CMP01256,CUST010484,Reward Points Missing,Low,22-07-2023,Resolved,08-12-2023
CMP01257,CUST012164,Card Not Received,High,18-10-2024,Escalated,14-11-2024
CMP01258,CUST014303,Wrong Amount Charged,High,04-05-2022,Escalated,19-05-2022
CMP01259,CUST009463,Interest Rate Query,Medium,11-06-2025,Resolved,18-06-2025
CMP01260,CUST006991,Interest Rate Query,High,20-02-2025,Pending Review,05-03-2025
CMP01261,CUST002007,App Not Working,High,24-03-2024,Resolved,14-04-2024
CMP01262,CUST011462,Card Damaged,High,27-07-2022,Resolved,26-08-2022
CMP01263,CUST014761,Fraudulent Charge,Medium,03-05-2026,Resolved,08-03-2026
CMP01264,CUST001799,Card Not Received,High,02-01-2026,Resolved,16-08-2023
CMP01265,CUST011335,Billing Dispute,Medium,04-05-2023,Closed,21-04-2023
CMP01266,CUST013993,Card Damaged,High,04-11-2025,Resolved,05-05-2025
CMP01267,CUST002007,Interest Rate Query,High,29-12-2022,Pending Review,16-08-2023
CMP01268,CUST002504,Billing Dispute,Low,23-06-2025,Pending Review,08-06-2025
CMP01269,CUST014705,Fraudulent Charge,High,21-08-2024,Pending Review,16-08-2023
CMP01270,CUST001560,Interest Rate Query,Medium,06-01-2024,Closed,15-02-2024
CMP01271,CUST008433,Reward Points Missing,Low,09-12-2025,Resolved,14-12-2025
CMP01272,CUST010820,App Not Working,Low,09-11-2025,Open,05-10-2025
CMP01273,CUST014185,Wrong Amount Charged,Low,09-06-2024,In Progress,Low
CMP01274,CUST002019,Late Fee Dispute,Medium,08-10-2023,Closed,20-09-2023
CMP01275,CUST009351,Interest Rate Query,Critical,06-09-2023,Resolved,09-11-2023
CMP01276,CUST010218,Card Damaged,Medium,13-10-2023,Closed,17-11-2023
CMP01277,CUST008519,Late Fee Dispute,Medium,10-06-2022,Resolved,07-12-2022
CMP01278,CUST009567,Statement Error,Low,10-08-2025,In Progress,10-09-2025
CMP01279,CUST001473,Late Fee Dispute,Low,28-07-2025,Open,08-09-2025
CMP01280,CUST013907,Interest Rate Query,Medium,10-04-2023,Pending Review,30-10-2023
CMP01281,CUST008012,Interest Rate Query,Low,06-06-2024,Open,22-06-2024
CMP01282,CUST011827,Billing Dispute,Low,14-04-2026,Closed,22-04-2026
CMP01283,CUST014658,Interest Rate Query,Critical,16-03-2024,Open,14-04-2024
CMP01284,CUST011404,Reward Points Missing,Low,04-10-2022,Pending Review,05-10-2022
CMP01285,CUST011771,Interest Rate Query,Medium,07-02-2025,Open,10-07-2025
CMP01286,CUST000884,Card Damaged,Low,18-11-2024,Closed,12-09-2024
CMP01287,CUST013396,Reward Points Missing,Low,19-05-2022,Resolved,25-06-2022
CMP01288,CUST002569,Card Damaged,Low,08-06-2026,In Progress,07-10-2026
CMP01289,CUST006244,Card Not Received,Low,09-08-2022,Resolved,21-10-2022
CMP01290,CUST005873,Reward Points Missing,High,08-08-2024,Escalated,28-08-2024
CMP01291,CUST004784,Billing Dispute,Low,19-12-2022,Pending Review,19-12-2022
CMP01292,CUST009016,Interest Rate Query,Medium,04-07-2024,Open,16-08-2023
CMP01293,CUST010641,Fraudulent Charge,Low,19-09-2025,Pending Review,Low
CMP01294,CUST008918,Statement Error,High,03-05-2022,Resolved,04-07-2022
CMP01295,CUST001892,Card Not Received,Medium,29-10-2022,Open,12-12-2022
CMP01296,CUST003298,Statement Error,Critical,01-03-2026,Resolved,01-06-2026
CMP01297,CUST006813,Statement Error,Low,26-05-2023,Escalated,28-05-2023
CMP01298,CUST008006,Reward Points Missing,Low,15-05-2025,Resolved,06-11-2025
CMP01299,CUST006761,Reward Points Missing,High,07-06-2026,Escalated,06-08-2026
CMP01300,CUST010422,Statement Error,Low,03-03-2026,Closed,13-04-2026
CMP01301,CUST010297,Billing Dispute,Medium,10-02-2022,Open,26-10-2022
CMP01302,CUST008587,Card Not Received,Critical,09-10-2022,Pending Review,16-08-2023
CMP01303,CUST011303,Billing Dispute,Medium,12-06-2024,Escalated,16-08-2023
CMP01304,CUST008484,Interest Rate Query,Low,27-03-2024,Closed,30-04-2024
CMP01305,CUST004943,Card Not Received,Low,19-08-2026,Pending Review,21-09-2026
CMP01306,CUST014481,Statement Error,Low,29-08-2022,Pending Review,22-09-2022
CMP01307,CUST005714,Reward Points Missing,Low,13-03-2026,Pending Review,04-04-2026
CMP01308,CUST002642,App Not Working,High,04-12-2025,Resolved,16-08-2023
CMP01309,CUST010742,Late Fee Dispute,Low,16-01-2022,Pending Review,16-08-2023
CMP01310,CUST001331,App Not Working,Low,30-05-2025,Resolved,16-08-2023
CMP01311,CUST011096,Wrong Amount Charged,Medium,02-10-2023,In Progress,03-05-2023
CMP01312,CUST012792,Reward Points Missing,Low,28-11-2022,Closed,17-12-2022
CMP01313,CUST002880,Billing Dispute,High,03-06-2026,Resolved,23-03-2026
CMP01314,CUST013955,App Not Working,High,10-06-2023,Open,11-11-2023
CMP01315,CUST006672,Wrong Amount Charged,Low,06-08-2025,Escalated,06-09-2025
CMP01316,CUST000028,Card Damaged,Critical,06-02-2022,Escalated,15-03-2022
CMP01317,CUST013900,Card Not Received,Low,27-10-2024,Open,Low
CMP01318,CUST002093,Wrong Amount Charged,Low,31-10-2025,Resolved,16-08-2023
CMP01319,CUST002487,Fraudulent Charge,Low,07-06-2022,Open,08-12-2022
CMP01320,CUST008651,Interest Rate Query,Critical,20-03-2026,Escalated,16-08-2023
CMP01321,CUST007791,Late Fee Dispute,Critical,09-10-2025,Pending Review,10-09-2025
CMP01322,CUST002666,Wrong Amount Charged,High,06-10-2025,Closed,31-10-2025
CMP01323,CUST012223,Statement Error,Low,18-05-2023,Resolved,06-06-2023
CMP01324,CUST000465,Reward Points Missing,Critical,25-05-2023,Open,18-06-2023
CMP01325,CUST011403,Reward Points Missing,Low,02-06-2025,Open,19-03-2025
CMP01326,CUST002603,Reward Points Missing,High,15-07-2025,Pending Review,16-08-2023
CMP01327,CUST009713,Reward Points Missing,High,29-08-2023,Escalated,09-11-2023
CMP01328,CUST002910,Card Damaged,Medium,07-01-2024,Resolved,10-01-2024
CMP01329,CUST010590,App Not Working,Medium,14-10-2024,Open,14-10-2024
CMP01330,CUST012576,Statement Error,Low,07-10-2025,Open,07-10-2025
CMP01331,CUST001499,Fraudulent Charge,Critical,17-04-2023,Resolved,28-05-2023
CMP01332,CUST003191,App Not Working,Low,24-09-2025,Escalated,14-10-2025
CMP01333,CUST012545,App Not Working,High,28-02-2022,Closed,16-08-2023
CMP01334,CUST003557,Fraudulent Charge,Low,21-04-2026,Open,24-04-2026
CMP01335,CUST007454,Reward Points Missing,Low,03-06-2022,Open,20-04-2022
CMP01336,CUST006459,Wrong Amount Charged,High,01-05-2025,Pending Review,13-02-2025
CMP01337,CUST000146,Fraudulent Charge,Low,12-01-2022,Open,24-01-2022
CMP01338,CUST008888,Interest Rate Query,High,26-11-2024,Closed,28-11-2024
CMP01339,CUST004427,Interest Rate Query,Low,22-05-2025,Resolved,13-06-2025
CMP01340,CUST001628,Interest Rate Query,Critical,23-04-2022,In Progress,16-05-2022
CMP01341,CUST006193,Late Fee Dispute,Medium,03-10-2023,Resolved,22-04-2023
CMP01342,CUST011993,Card Not Received,Critical,07-10-2025,Resolved,11-09-2025
CMP01343,CUST010108,Card Not Received,High,24-11-2023,Closed,22-12-2023
CMP01344,CUST008438,Reward Points Missing,Low,30-10-2023,Closed,07-12-2023
CMP01345,CUST010920,Card Not Received,High,19-12-2023,Resolved,25-01-2024
CMP01346,CUST003382,Statement Error,Medium,09-07-2026,Open,25-07-2026
CMP01347,CUST011930,Fraudulent Charge,High,08-05-2024,Resolved,15-08-2024
CMP01348,CUST012559,Card Damaged,Low,24-08-2024,Resolved,18-09-2024
CMP01349,CUST001014,Card Damaged,High,02-08-2026,Resolved,16-08-2023
CMP01350,CUST011523,App Not Working,High,31-01-2026,Escalated,27-02-2026
CMP01351,CUST002731,Reward Points Missing,High,05-05-2026,Resolved,05-10-2026
CMP01352,CUST010658,Card Damaged,Medium,27-03-2023,Resolved,06-05-2023
CMP01353,CUST004579,Wrong Amount Charged,High,29-05-2023,Closed,27-06-2023
CMP01354,CUST004413,Wrong Amount Charged,Medium,14-05-2025,Pending Review,18-06-2025
CMP01355,CUST012150,Card Damaged,Low,31-03-2022,Open,17-04-2022
CMP01356,CUST012682,Card Not Received,Low,25-04-2023,Open,Low
CMP01357,CUST011665,App Not Working,Low,19-05-2026,Resolved,27-05-2026
CMP01358,CUST001598,App Not Working,Medium,10-08-2022,In Progress,16-08-2023
CMP01359,CUST004526,Interest Rate Query,Medium,10-02-2022,In Progress,17-10-2022
CMP01360,CUST007972,Reward Points Missing,Low,04-11-2023,Escalated,24-04-2023
CMP01361,CUST008387,App Not Working,High,28-12-2023,Open,01-08-2024
CMP01362,CUST014994,Reward Points Missing,Medium,02-09-2025,In Progress,26-09-2025
CMP01363,CUST002441,Card Damaged,Medium,16-11-2023,Open,21-12-2023
CMP01364,CUST000561,Billing Dispute,Critical,10-10-2023,Open,16-08-2023
CMP01365,CUST001903,Reward Points Missing,Low,08-02-2022,Resolved,24-02-2022
CMP01366,CUST006165,Billing Dispute,Low,26-11-2024,In Progress,12-11-2024
CMP01367,CUST014015,Card Damaged,High,25-01-2025,Resolved,04-03-2025
CMP01368,CUST009256,Reward Points Missing,Low,27-06-2025,Resolved,28-07-2025
CMP01369,CUST013441,Card Damaged,Medium,13-04-2026,Closed,03-05-2026
CMP01370,CUST006530,Interest Rate Query,Critical,29-04-2022,Closed,20-05-2022
CMP01371,CUST014266,App Not Working,Low,21-09-2025,Resolved,10-04-2025
CMP01372,CUST001164,App Not Working,Critical,11-06-2025,In Progress,08-07-2025
CMP01373,CUST012000,App Not Working,High,09-05-2024,Closed,04-10-2024
CMP01374,CUST001296,Reward Points Missing,Low,27-02-2026,Closed,27-03-2026
CMP01375,CUST009265,App Not Working,Medium,17-08-2025,In Progress,16-08-2023
CMP01376,CUST001939,Card Damaged,Low,19-09-2023,Pending Review,07-10-2023
CMP01377,CUST013373,Late Fee Dispute,Medium,29-05-2024,In Progress,24-06-2024
CMP01378,CUST008077,Fraudulent Charge,Critical,01-02-2024,Escalated,15-02-2024
CMP01379,CUST003567,Card Not Received,Medium,09-11-2024,Resolved,27-11-2024
CMP01380,CUST004666,Late Fee Dispute,Medium,28-06-2025,Open,02-07-2025
CMP01381,CUST003384,App Not Working,Medium,08-08-2023,Escalated,16-08-2023
CMP01382,CUST003314,Interest Rate Query,Low,27-08-2024,In Progress,Low
CMP01383,CUST012409,Wrong Amount Charged,High,15-09-2022,Open,03-10-2022
CMP01384,CUST012881,Statement Error,Low,10-04-2022,Open,10-09-2022
CMP01385,CUST013109,Statement Error,High,09-09-2023,Resolved,12-10-2023
CMP01386,CUST014706,Wrong Amount Charged,Low,16-04-2023,Pending Review,05-12-2023
CMP01387,CUST004383,Card Damaged,Low,10-06-2023,Open,12-10-2023
CMP01388,CUST003331,Fraudulent Charge,Low,03-06-2023,Resolved,16-08-2023
CMP01389,CUST010864,Reward Points Missing,Low,27-07-2022,Closed,15-08-2022
CMP01390,CUST004946,Card Damaged,Low,16-01-2025,Resolved,26-02-2025
CMP01391,CUST000986,Fraudulent Charge,Low,23-04-2023,Pending Review,11-05-2023
CMP01392,CUST006639,Fraudulent Charge,Medium,01-07-2024,Closed,02-08-2024
CMP01393,CUST003262,Billing Dispute,High,15-06-2025,Open,26-06-2025
CMP01394,CUST003541,Fraudulent Charge,Medium,02-07-2023,Open,05-07-2023
CMP01395,CUST003171,Late Fee Dispute,Low,28-03-2022,Pending Review,16-08-2023
CMP01396,CUST001418,App Not Working,Low,06-04-2026,In Progress,Low
CMP01397,CUST014167,Reward Points Missing,Low,21-04-2026,In Progress,30-05-2026
CMP01398,CUST011890,Interest Rate Query,Low,16-09-2024,Resolved,24-10-2024
CMP01399,CUST006507,Interest Rate Query,Medium,08-05-2024,Resolved,23-08-2024
CMP01400,CUST002412,App Not Working,Critical,31-08-2022,Escalated,14-10-2022
CMP01401,CUST004215,Card Damaged,Low,09-04-2024,Resolved,13-09-2024
CMP01402,CUST009894,App Not Working,Medium,09-02-2024,Escalated,17-10-2024
CMP01403,CUST000708,Late Fee Dispute,Medium,05-05-2025,Escalated,14-06-2025
CMP01404,CUST007952,App Not Working,Medium,16-01-2026,Open,16-08-2023
CMP01405,CUST002083,Wrong Amount Charged,Low,27-06-2024,Resolved,05-07-2024
CMP01406,CUST013607,Reward Points Missing,Low,26-04-2023,Open,16-08-2023
CMP01407,CUST006488,Interest Rate Query,Medium,25-01-2025,Pending Review,04-02-2025
CMP01408,CUST013782,Reward Points Missing,High,27-04-2025,Resolved,17-05-2025
CMP01409,CUST005638,Billing Dispute,Medium,19-03-2024,Escalated,27-03-2024
CMP01410,CUST006942,Card Not Received,Critical,25-10-2023,Resolved,02-12-2023
CMP01411,CUST002849,Wrong Amount Charged,High,27-01-2024,Escalated,31-01-2024
CMP01412,CUST009957,Reward Points Missing,Critical,09-02-2026,Open,20-03-2026
CMP01413,CUST000049,Statement Error,Critical,29-03-2026,Open,04-10-2026
CMP01414,CUST008890,Wrong Amount Charged,Low,21-04-2023,Escalated,29-04-2023
CMP01415,CUST012586,Reward Points Missing,Low,23-02-2025,Resolved,16-03-2025
CMP01416,CUST011998,Billing Dispute,Low,21-02-2025,Open,04-04-2025
CMP01417,CUST000225,Card Damaged,Medium,31-08-2023,Resolved,16-08-2023
CMP01418,CUST002971,App Not Working,High,06-06-2022,Open,18-06-2022
CMP01419,CUST011567,Reward Points Missing,Critical,18-02-2022,Escalated,16-08-2023
CMP01420,CUST001257,Interest Rate Query,Low,19-07-2026,Escalated,16-08-2026
CMP01421,CUST007519,Card Not Received,Low,26-11-2022,Resolved,16-12-2022
CMP01422,CUST003977,Billing Dispute,Critical,12-12-2023,Resolved,25-12-2023
CMP01423,CUST006166,App Not Working,Critical,22-02-2026,Resolved,19-03-2026
CMP01424,CUST012309,Interest Rate Query,Medium,29-03-2022,Closed,29-04-2022
CMP01425,CUST000838,Late Fee Dispute,Medium,15-01-2025,Resolved,14-02-2025
CMP01426,CUST000773,Statement Error,Low,19-06-2022,Open,19-07-2022
CMP01427,CUST002801,Fraudulent Charge,Low,25-01-2026,In Progress,21-02-2026
CMP01428,CUST008813,Reward Points Missing,High,20-10-2023,Resolved,14-11-2023
CMP01429,CUST010218,Card Not Received,Medium,10-05-2025,Open,15-11-2025
CMP01430,CUST004621,Card Damaged,Low,29-06-2022,Open,17-07-2022
CMP01431,CUST001572,App Not Working,Medium,08-03-2026,In Progress,31-03-2026
CMP01432,CUST004123,Late Fee Dispute,Low,20-03-2025,Resolved,04-08-2025
CMP01433,CUST004171,Reward Points Missing,Low,25-08-2023,Open,01-10-2023
CMP01434,CUST005958,Late Fee Dispute,Medium,02-04-2026,In Progress,28-02-2026
CMP01435,CUST002067,Fraudulent Charge,Medium,02-04-2023,Closed,22-04-2023
CMP01436,CUST006154,Billing Dispute,Medium,11-08-2023,Closed,17-08-2023
CMP01437,CUST001957,Billing Dispute,Critical,27-09-2025,Escalated,28-10-2025
CMP01438,CUST013676,Late Fee Dispute,High,27-05-2022,Open,16-08-2023
CMP01439,CUST009209,Reward Points Missing,Low,09-11-2024,Pending Review,14-12-2024
CMP01440,CUST013007,App Not Working,High,06-01-2023,Resolved,09-06-2023
CMP01441,CUST014501,Billing Dispute,High,17-03-2024,Resolved,16-08-2023
CMP01442,CUST003362,Late Fee Dispute,Low,16-05-2023,Open,06-04-2023
CMP01443,CUST000567,App Not Working,Medium,03-06-2024,Escalated,12-07-2024
CMP01444,CUST006411,Late Fee Dispute,Critical,12-07-2025,Open,31-07-2025
CMP01445,CUST009253,Card Damaged,Medium,27-01-2023,Open,09-02-2023
CMP01446,CUST004275,Wrong Amount Charged,High,31-12-2025,In Progress,02-09-2026
CMP01447,CUST005038,Late Fee Dispute,Low,23-01-2022,Open,27-02-2022
CMP01448,CUST004620,Statement Error,High,13-06-2024,Resolved,16-08-2023
CMP01449,CUST011686,Billing Dispute,Critical,08-03-2025,Open,17-09-2025
CMP01450,CUST001218,Interest Rate Query,Medium,28-04-2026,Pending Review,27-05-2026
CMP01451,CUST012121,Card Damaged,High,22-05-2026,Open,18-06-2026
CMP01452,CUST005091,Late Fee Dispute,Low,22-07-2022,Pending Review,11-08-2022
CMP01453,CUST012146,Card Not Received,Medium,14-03-2025,Open,16-08-2023
CMP01454,CUST006847,Reward Points Missing,Critical,04-04-2022,Closed,19-05-2022
CMP01455,CUST004278,Wrong Amount Charged,Low,12-09-2025,Pending Review,10-10-2025
CMP01456,CUST009598,Interest Rate Query,Medium,18-03-2023,Escalated,04-08-2023
CMP01457,CUST014320,Fraudulent Charge,Medium,18-12-2024,Pending Review,24-12-2024
CMP01458,CUST003930,Late Fee Dispute,Low,27-07-2022,Resolved,09-05-2022
CMP01459,CUST005128,Billing Dispute,Critical,20-08-2022,Escalated,09-03-2022
CMP01460,CUST002960,Late Fee Dispute,Critical,06-01-2026,Pending Review,07-07-2026
CMP01461,CUST009100,App Not Working,Medium,03-10-2023,Escalated,10-07-2023
CMP01462,CUST011681,Late Fee Dispute,Low,29-10-2022,Open,04-11-2022
CMP01463,CUST014947,Fraudulent Charge,Low,13-02-2026,Open,16-08-2023
CMP01464,CUST010237,Fraudulent Charge,Medium,15-11-2024,In Progress,30-12-2024
CMP01465,CUST006311,Card Damaged,Low,22-08-2023,Pending Review,01-10-2023
CMP01466,CUST001233,Interest Rate Query,Low,08-12-2024,Open,21-01-2025
CMP01467,CUST003691,Fraudulent Charge,Low,04-09-2023,Closed,Low
CMP01468,CUST008294,Statement Error,High,21-01-2026,Pending Review,17-02-2026
CMP01469,CUST011034,Fraudulent Charge,Medium,07-11-2024,Closed,15-11-2024
CMP01470,CUST012654,Card Damaged,Low,18-01-2022,Open,16-08-2023
CMP01471,CUST002012,Reward Points Missing,Low,06-02-2026,Resolved,06-07-2026
CMP01472,CUST005438,Card Not Received,High,21-07-2024,Closed,29-07-2024
CMP01473,CUST000976,Card Damaged,Medium,02-06-2025,Pending Review,20-02-2025
CMP01474,CUST007932,Late Fee Dispute,Medium,04-01-2025,Closed,05-12-2025
CMP01475,CUST013407,Card Not Received,Low,23-02-2025,Open,11-03-2025
CMP01476,CUST013154,Card Damaged,Low,03-10-2024,Open,27-03-2024
CMP01477,CUST004922,Reward Points Missing,Critical,05-03-2022,Open,03-06-2022
CMP01478,CUST013288,Reward Points Missing,High,06-08-2022,Resolved,27-06-2022
CMP01479,CUST006890,Late Fee Dispute,Critical,06-11-2022,Pending Review,11-09-2022
CMP01480,CUST011104,Statement Error,Medium,03-12-2024,Resolved,16-08-2023
CMP01481,CUST010887,Card Not Received,Medium,05-09-2026,Resolved,14-05-2026
CMP01482,CUST000781,Late Fee Dispute,Critical,16-04-2026,Pending Review,05-10-2026
CMP01483,CUST004800,Billing Dispute,Low,14-06-2022,Closed,20-06-2022
CMP01484,CUST006124,App Not Working,High,15-01-2022,Closed,21-01-2022
CMP01485,CUST003068,Statement Error,Medium,23-06-2024,Open,30-07-2024
CMP01486,CUST004366,Fraudulent Charge,Medium,04-10-2025,Pending Review,08-10-2025
CMP01487,CUST011983,Statement Error,Low,03-06-2023,Open,01-07-2023
CMP01488,CUST009702,App Not Working,Critical,06-05-2023,Open,16-08-2023
CMP01489,CUST010277,Card Damaged,High,23-10-2023,Open,28-10-2023
CMP01490,CUST005205,Card Damaged,Medium,27-10-2022,Open,29-11-2022
CMP01491,CUST002231,Card Not Received,Low,16-09-2024,Pending Review,Low
CMP01492,CUST010967,Fraudulent Charge,Low,08-06-2023,Open,Low
CMP01493,CUST010755,Reward Points Missing,Critical,10-11-2025,Resolved,17-10-2025
CMP01494,CUST001719,Fraudulent Charge,Low,21-09-2023,Open,11-03-2023
CMP01495,CUST003233,Wrong Amount Charged,Low,02-07-2026,Closed,10-07-2026
CMP01496,CUST010743,Fraudulent Charge,Low,16-10-2024,Open,16-08-2023
CMP01497,CUST002557,App Not Working,High,12-04-2023,Pending Review,16-08-2023
CMP01498,CUST006088,Fraudulent Charge,Low,10-06-2023,Pending Review,29-06-2023
CMP01499,CUST007448,Card Damaged,Medium,14-04-2022,Resolved,16-08-2023
CMP01500,CUST009331,Reward Points Missing,High,25-07-2023,Open,01-08-2023
CMP01501,CUST008310,Interest Rate Query,Low,19-09-2024,Open,25-09-2024
CMP01502,CUST007866,Statement Error,Low,03-06-2023,Escalated,07-04-2023
CMP01503,CUST014588,Late Fee Dispute,Low,30-04-2025,Closed,24-05-2025
CMP01504,CUST006610,Fraudulent Charge,Low,29-04-2024,In Progress,16-08-2023
CMP01505,CUST013149,App Not Working,Low,06-01-2023,Open,03-02-2023
CMP01506,CUST010315,Statement Error,Medium,16-07-2023,In Progress,04-08-2023
CMP01507,CUST001896,App Not Working,Low,29-04-2026,In Progress,01-05-2026
CMP01508,CUST004952,Interest Rate Query,Medium,25-01-2023,Resolved,16-08-2023
CMP01509,CUST008212,Interest Rate Query,Low,16-07-2024,Resolved,16-08-2023
CMP01510,CUST011554,App Not Working,Medium,07-08-2026,Open,20-08-2026
CMP01511,CUST013371,Card Damaged,Low,30-08-2023,Escalated,09-01-2023
CMP01512,CUST008399,Interest Rate Query,High,01-09-2026,Resolved,15-01-2026
CMP01513,CUST001289,Fraudulent Charge,Critical,29-12-2025,Open,02-04-2026
CMP01514,CUST009841,Billing Dispute,Low,08-05-2023,Escalated,Low
CMP01515,CUST013813,Statement Error,Low,18-07-2026,Closed,29-07-2026
CMP01516,CUST005127,Card Not Received,Medium,06-09-2023,Resolved,16-08-2023
CMP01517,CUST013968,Fraudulent Charge,High,04-11-2025,In Progress,05-01-2025
CMP01518,CUST002028,Card Not Received,Low,19-05-2023,Closed,25-05-2023
CMP01519,CUST010653,Interest Rate Query,High,07-04-2022,Resolved,19-05-2022
CMP01520,CUST009376,Late Fee Dispute,Low,06-04-2022,Open,30-06-2022
CMP01521,CUST014369,App Not Working,High,27-05-2022,Open,05-06-2022
CMP01522,CUST000377,Card Damaged,Medium,22-07-2022,In Progress,28-08-2022
CMP01523,CUST001159,Billing Dispute,Low,09-04-2025,Resolved,15-05-2025
CMP01524,CUST008213,Late Fee Dispute,High,09-08-2024,Open,30-09-2024
CMP01525,CUST007970,Interest Rate Query,Medium,16-08-2026,Closed,29-09-2026
CMP01526,CUST006232,Wrong Amount Charged,Low,21-04-2022,Open,26-04-2022
CMP01527,CUST003332,Statement Error,Medium,06-04-2026,Resolved,06-07-2026
CMP01528,CUST005407,App Not Working,High,19-05-2024,In Progress,07-06-2024
CMP01529,CUST011693,Card Not Received,Medium,12-10-2023,In Progress,18-11-2023
CMP01530,CUST001782,Wrong Amount Charged,Critical,01-12-2025,Open,16-08-2023
CMP01531,CUST014236,Wrong Amount Charged,High,30-04-2022,In Progress,14-06-2022
CMP01532,CUST002868,App Not Working,Low,01-05-2026,Resolved,02-06-2026
CMP01533,CUST009500,Statement Error,High,04-09-2022,Escalated,16-08-2023
CMP01534,CUST010883,Card Not Received,Low,31-07-2024,Resolved,26-08-2024
CMP01535,CUST006823,Reward Points Missing,Critical,01-05-2026,Pending Review,02-02-2026
CMP01536,CUST005607,Card Not Received,High,01-05-2022,Resolved,02-05-2022
CMP01537,CUST001696,Reward Points Missing,Low,18-04-2025,Open,25-04-2025
CMP01538,CUST009085,Reward Points Missing,Critical,29-07-2025,Resolved,29-08-2025
CMP01539,CUST009769,Reward Points Missing,High,23-11-2023,Resolved,12-01-2023
CMP01540,CUST000796,Fraudulent Charge,High,17-01-2022,Resolved,09-02-2022
CMP01541,CUST013292,Statement Error,Medium,16-01-2026,Pending Review,29-01-2026
CMP01542,CUST003175,Card Not Received,Medium,02-10-2023,In Progress,29-10-2023
CMP01543,CUST000170,Interest Rate Query,High,15-07-2025,In Progress,26-07-2025
CMP01544,CUST009155,Card Damaged,Low,30-01-2022,Open,23-02-2022
CMP01545,CUST001302,Interest Rate Query,Low,30-01-2022,Resolved,16-03-2022
CMP01546,CUST004399,Card Damaged,Medium,21-01-2026,Resolved,16-08-2023
CMP01547,CUST011642,Late Fee Dispute,Low,31-01-2025,Pending Review,Low
CMP01548,CUST000697,Fraudulent Charge,Low,25-10-2022,In Progress,02-11-2022
CMP01549,CUST012144,Card Damaged,Medium,10-02-2026,Open,12-03-2026
CMP01550,CUST012072,Interest Rate Query,Low,05-02-2026,Escalated,03-12-2026
CMP01551,CUST008832,Card Not Received,High,08-12-2024,Resolved,28-08-2024
CMP01552,CUST009046,Statement Error,Low,24-07-2025,Pending Review,16-08-2023
CMP01553,CUST009628,Late Fee Dispute,Medium,08-05-2022,In Progress,05-08-2022
CMP01554,CUST006007,Late Fee Dispute,Low,04-10-2023,Resolved,20-10-2023
CMP01555,CUST000507,Late Fee Dispute,High,09-12-2025,Pending Review,16-08-2023
CMP01556,CUST002613,Statement Error,Medium,01-07-2022,Resolved,13-02-2022
CMP01557,CUST008432,Interest Rate Query,Medium,14-09-2022,Open,29-10-2022
CMP01558,CUST011388,Late Fee Dispute,Low,15-06-2024,Resolved,21-07-2024
CMP01559,CUST003969,Reward Points Missing,Low,06-10-2023,Open,10-10-2023
CMP01560,CUST014898,Wrong Amount Charged,High,29-12-2023,Closed,02-07-2024
CMP01561,CUST004219,Card Not Received,Medium,01-11-2023,Escalated,25-01-2023
CMP01562,CUST011516,Billing Dispute,Medium,21-02-2022,Open,04-01-2022
CMP01563,CUST003612,Card Damaged,Medium,01-07-2023,Resolved,15-07-2023
CMP01564,CUST001747,Card Damaged,Low,10-02-2022,Closed,03-03-2022
CMP01565,CUST008007,Late Fee Dispute,High,25-07-2024,Resolved,25-07-2024
CMP01566,CUST014190,Wrong Amount Charged,Low,25-07-2024,Open,16-08-2023
CMP01567,CUST005499,Card Damaged,High,21-04-2024,Resolved,30-04-2024
CMP01568,CUST003287,App Not Working,Low,28-01-2026,Escalated,09-03-2026
CMP01569,CUST000076,Billing Dispute,High,30-04-2023,Escalated,06-04-2023
CMP01570,CUST010581,Statement Error,Low,30-03-2024,Resolved,05-07-2024
CMP01571,CUST013699,Card Damaged,Low,26-11-2024,Resolved,01-03-2025
CMP01572,CUST010191,Interest Rate Query,Critical,11-05-2023,Open,12-07-2023
CMP01573,CUST005465,Fraudulent Charge,Low,01-05-2025,Open,05-02-2025
CMP01574,CUST000674,Wrong Amount Charged,Medium,02-12-2025,In Progress,16-08-2023
CMP01575,CUST000771,Fraudulent Charge,High,09-05-2025,Resolved,27-09-2025
CMP01576,CUST011980,Card Damaged,Low,22-02-2025,Closed,03-10-2025
CMP01577,CUST010766,Billing Dispute,Low,22-04-2026,Open,01-06-2026
CMP01578,CUST007079,Card Damaged,Low,13-05-2026,In Progress,06-01-2026
CMP01579,CUST003438,Wrong Amount Charged,Low,21-04-2026,In Progress,06-05-2026
CMP01580,CUST007511,Fraudulent Charge,Low,10-04-2024,Open,04-12-2024
CMP01581,CUST009766,Wrong Amount Charged,High,14-09-2023,In Progress,27-09-2023
CMP01582,CUST012245,Card Damaged,Medium,23-06-2026,Open,08-07-2026
CMP01583,CUST014876,App Not Working,High,20-04-2026,Resolved,22-04-2026
CMP01584,CUST003440,App Not Working,High,21-01-2024,Resolved,21-02-2024
CMP01585,CUST006984,Fraudulent Charge,Low,28-05-2022,Closed,16-08-2023
CMP01586,CUST005118,Statement Error,Medium,16-06-2026,Open,20-07-2026
CMP01587,CUST001873,Reward Points Missing,Medium,11-08-2022,Resolved,26-08-2022
CMP01588,CUST012458,App Not Working,Medium,03-10-2024,Escalated,16-08-2023
CMP01589,CUST013242,Wrong Amount Charged,Medium,15-03-2024,Resolved,16-08-2023
CMP01590,CUST001394,App Not Working,Critical,14-09-2022,Pending Review,16-08-2023
CMP01591,CUST000560,Card Damaged,Low,18-04-2022,Escalated,24-05-2022
CMP01592,CUST001894,Reward Points Missing,Low,15-04-2022,Open,16-08-2023
CMP01593,CUST011855,Reward Points Missing,Low,17-02-2023,In Progress,22-02-2023
CMP01594,CUST004502,Fraudulent Charge,Low,24-08-2023,In Progress,16-08-2023
CMP01595,CUST011909,Late Fee Dispute,Low,07-09-2025,Pending Review,20-09-2025
CMP01596,CUST012572,Interest Rate Query,Low,11-02-2025,Resolved,23-02-2025
CMP01597,CUST011617,App Not Working,High,13-12-2023,Resolved,15-12-2023
CMP01598,CUST007265,Interest Rate Query,High,30-04-2023,Pending Review,04-05-2023
CMP01599,CUST013278,Statement Error,High,14-08-2023,Closed,16-08-2023
CMP01600,CUST002667,Reward Points Missing,High,18-11-2022,Escalated,19-12-2022
CMP01601,CUST002764,Wrong Amount Charged,Low,30-12-2025,Escalated,07-01-2026
CMP01602,CUST000952,Billing Dispute,Low,24-04-2025,Open,05-10-2025
CMP01603,CUST008873,Late Fee Dispute,High,14-12-2022,Open,13-01-2023
CMP01604,CUST000510,App Not Working,Critical,01-02-2026,Resolved,16-08-2023
CMP01605,CUST006712,Late Fee Dispute,Critical,05-01-2024,Open,16-05-2024
CMP01606,CUST014627,Interest Rate Query,High,27-08-2025,Pending Review,10-05-2025
CMP01607,CUST001884,Card Not Received,Medium,18-10-2022,Pending Review,27-11-2022
CMP01608,CUST003630,Fraudulent Charge,Low,10-07-2023,Pending Review,15-08-2023
CMP01609,CUST010623,Billing Dispute,High,17-11-2023,Pending Review,26-11-2023
CMP01610,CUST005845,App Not Working,High,15-08-2022,Open,19-09-2022
CMP01611,CUST001600,App Not Working,Low,26-11-2022,Open,29-12-2022
CMP01612,CUST002066,Wrong Amount Charged,Low,14-09-2024,Open,10-05-2024
CMP01613,CUST000961,Statement Error,Critical,19-03-2026,Open,21-04-2026
CMP01614,CUST011839,Statement Error,Medium,12-02-2022,Resolved,28-03-2022
CMP01615,CUST002202,Billing Dispute,Medium,02-02-2024,Open,16-03-2024
CMP01616,CUST004033,Fraudulent Charge,Low,05-04-2024,Pending Review,18-05-2024
CMP01617,CUST005304,Card Not Received,Medium,30-06-2023,Resolved,07-02-2023
CMP01618,CUST007042,Fraudulent Charge,Medium,05-02-2023,Open,02-09-2023
CMP01619,CUST006310,Card Damaged,Medium,11-08-2024,In Progress,19-11-2024
CMP01620,CUST009875,App Not Working,Medium,26-12-2023,Pending Review,28-01-2024
CMP01621,CUST013044,Interest Rate Query,Medium,28-07-2025,Pending Review,24-08-2025
CMP01622,CUST007945,Wrong Amount Charged,Low,02-11-2026,Escalated,17-03-2026
CMP01623,CUST004448,Reward Points Missing,Critical,30-05-2025,Resolved,07-06-2025
CMP01624,CUST004699,Late Fee Dispute,High,13-09-2025,Pending Review,16-08-2023
CMP01625,CUST014462,Interest Rate Query,High,11-07-2022,Resolved,14-08-2022
CMP01626,CUST007393,Statement Error,Low,03-02-2022,Resolved,04-09-2022
CMP01627,CUST001408,Reward Points Missing,High,30-11-2024,Open,01-04-2025
CMP01628,CUST006476,Card Not Received,Low,06-08-2022,Closed,18-08-2022
CMP01629,CUST001265,Late Fee Dispute,Medium,10-01-2024,Resolved,16-08-2023
CMP01630,CUST014033,App Not Working,Medium,04-08-2022,In Progress,09-10-2022
CMP01631,CUST003909,Interest Rate Query,Critical,21-04-2025,Open,16-08-2023
CMP01632,CUST011787,Wrong Amount Charged,Low,16-12-2025,Escalated,22-01-2026
CMP01633,CUST011759,Fraudulent Charge,High,03-05-2026,Escalated,23-03-2026
CMP01634,CUST010949,Fraudulent Charge,High,04-12-2024,Pending Review,17-01-2025
CMP01635,CUST007752,Late Fee Dispute,Medium,06-03-2026,Resolved,04-09-2026
CMP01636,CUST008915,Fraudulent Charge,Low,12-09-2023,Resolved,17-12-2023
CMP01637,CUST011604,Late Fee Dispute,Medium,23-11-2024,Open,16-08-2023
CMP01638,CUST003731,Card Not Received,Low,16-04-2026,Pending Review,25-05-2026
CMP01639,CUST003604,Interest Rate Query,Low,30-01-2026,Open,16-08-2023
CMP01640,CUST000734,Statement Error,High,24-04-2024,In Progress,30-05-2024
CMP01641,CUST010231,Fraudulent Charge,High,10-04-2023,In Progress,16-08-2023
CMP01642,CUST011343,Card Damaged,High,04-01-2024,Pending Review,18-02-2024
CMP01643,CUST011437,Card Damaged,Low,01-05-2026,Resolved,19-02-2026
CMP01644,CUST006295,Reward Points Missing,High,07-05-2025,Open,27-05-2025
CMP01645,CUST006734,Billing Dispute,Medium,23-10-2022,Open,26-11-2022
CMP01646,CUST005178,Card Not Received,High,04-07-2026,Resolved,05-09-2026
CMP01647,CUST013384,Card Damaged,High,29-08-2023,In Progress,16-09-2023
CMP01648,CUST009771,Card Not Received,Medium,17-11-2025,Pending Review,16-08-2023
CMP01649,CUST012776,Wrong Amount Charged,Low,12-06-2025,Open,13-07-2025
CMP01650,CUST003906,Late Fee Dispute,High,18-06-2022,Closed,16-08-2023
CMP01651,CUST004759,Card Not Received,Low,24-04-2023,Resolved,01-05-2023
CMP01652,CUST009153,Interest Rate Query,High,06-04-2025,Open,17-07-2025
CMP01653,CUST002589,Reward Points Missing,High,15-07-2026,In Progress,28-07-2026
CMP01654,CUST002559,Card Not Received,Low,09-04-2022,Pending Review,05-05-2022
CMP01655,CUST005663,Wrong Amount Charged,Low,04-01-2026,Closed,16-08-2023
CMP01656,CUST001680,App Not Working,Critical,08-01-2024,Open,20-08-2024
CMP01657,CUST010342,Interest Rate Query,Low,23-03-2026,In Progress,07-05-2026
CMP01658,CUST000526,Reward Points Missing,High,16-10-2022,Open,11-04-2022
CMP01659,CUST000208,Fraudulent Charge,Medium,28-02-2024,Open,31-03-2024
CMP01660,CUST011967,Card Damaged,High,10-08-2023,Escalated,21-09-2023
CMP01661,CUST002613,Interest Rate Query,Critical,30-11-2025,Resolved,22-12-2025
CMP01662,CUST009978,App Not Working,High,08-08-2026,Open,12-08-2026
CMP01663,CUST013990,Statement Error,Low,19-09-2024,Escalated,27-09-2024
CMP01664,CUST011319,Billing Dispute,Low,30-04-2026,Escalated,03-06-2026
CMP01665,CUST004501,Wrong Amount Charged,High,09-03-2025,Open,22-04-2025
CMP01666,CUST003888,App Not Working,Low,19-07-2022,Resolved,16-08-2023
CMP01667,CUST010665,App Not Working,Low,21-01-2022,Closed,21-02-2022
CMP01668,CUST012560,Wrong Amount Charged,Critical,16-07-2022,Escalated,17-07-2022
CMP01669,CUST012870,Billing Dispute,Low,27-06-2026,In Progress,21-07-2026
CMP01670,CUST004379,Wrong Amount Charged,High,06-09-2024,Closed,10-10-2024
CMP01671,CUST010956,Card Damaged,High,20-12-2023,Pending Review,28-12-2023
CMP01672,CUST000559,Card Not Received,High,26-06-2023,Open,22-07-2023
CMP01673,CUST003073,Interest Rate Query,Low,25-08-2024,Pending Review,18-09-2024
CMP01674,CUST013606,Late Fee Dispute,Low,05-01-2022,Escalated,16-08-2023
CMP01675,CUST014633,Card Damaged,Low,11-05-2023,Open,24-06-2023
CMP01676,CUST011259,Wrong Amount Charged,Medium,18-06-2025,Resolved,16-08-2023
CMP01677,CUST000875,Card Damaged,Low,15-07-2022,Pending Review,20-07-2022
CMP01678,CUST007965,Card Damaged,High,26-05-2025,Open,17-06-2025
CMP01679,CUST007845,Reward Points Missing,High,10-11-2024,Closed,12-11-2024
CMP01680,CUST014709,Statement Error,Low,05-08-2022,Resolved,04-06-2022
CMP01681,CUST009804,Reward Points Missing,Medium,29-04-2022,Pending Review,14-05-2022
CMP01682,CUST009140,Wrong Amount Charged,High,29-03-2025,Pending Review,16-08-2023
CMP01683,CUST002570,Card Not Received,Low,16-11-2023,Open,30-11-2023
CMP01684,CUST004431,Wrong Amount Charged,Low,13-03-2023,Open,19-03-2023
CMP01685,CUST006492,Card Damaged,Low,12-09-2025,In Progress,01-09-2026
CMP01686,CUST009838,Billing Dispute,Low,25-06-2023,Resolved,27-07-2023
CMP01687,CUST014941,App Not Working,Low,13-02-2022,In Progress,03-12-2022
CMP01688,CUST012024,Statement Error,Medium,22-05-2023,Resolved,04-06-2023
CMP01689,CUST009839,Reward Points Missing,Low,26-06-2026,In Progress,14-07-2026
CMP01690,CUST004398,Wrong Amount Charged,Critical,04-06-2026,Closed,28-04-2026
CMP01691,CUST009016,Interest Rate Query,Low,17-10-2022,Resolved,26-10-2022
CMP01692,CUST003472,Reward Points Missing,High,26-03-2025,Escalated,16-08-2023
CMP01693,CUST001883,Card Not Received,Medium,27-03-2025,Resolved,23-04-2025
CMP01694,CUST004479,Fraudulent Charge,High,18-01-2026,Open,02-02-2026
CMP01695,CUST009822,Statement Error,High,31-08-2023,Open,16-08-2023
CMP01696,CUST011184,Billing Dispute,Medium,29-02-2024,Open,13-03-2024
CMP01697,CUST004412,Wrong Amount Charged,High,03-08-2025,Pending Review,17-04-2025
CMP01698,CUST009546,Billing Dispute,Medium,24-06-2026,Pending Review,29-07-2026
CMP01699,CUST009985,App Not Working,Critical,30-06-2023,Resolved,08-03-2023
CMP01700,CUST012105,Fraudulent Charge,Low,01-02-2025,Resolved,16-08-2023
CMP01701,CUST010110,Statement Error,High,02-09-2022,Resolved,20-09-2022
CMP01702,CUST005350,Card Not Received,High,25-01-2025,Pending Review,22-02-2025
CMP01703,CUST014670,Statement Error,Low,14-08-2024,Resolved,23-09-2024
CMP01704,CUST005533,Card Not Received,Medium,21-06-2025,Closed,02-07-2025
CMP01705,CUST010359,Billing Dispute,Critical,06-08-2026,Resolved,16-08-2023
CMP01706,CUST005293,Billing Dispute,Medium,26-07-2026,In Progress,16-08-2023
CMP01707,CUST005110,Interest Rate Query,Low,11-07-2025,Open,Low
CMP01708,CUST003822,Billing Dispute,Low,18-11-2022,Open,18-12-2022
CMP01709,CUST009034,Card Damaged,Low,17-12-2023,Pending Review,Low
CMP01710,CUST010197,Reward Points Missing,Medium,26-01-2026,Open,03-06-2026
CMP01711,CUST000255,Card Not Received,High,03-02-2024,Open,16-08-2023
CMP01712,CUST005795,Statement Error,Low,25-05-2024,Closed,05-06-2024
CMP01713,CUST000342,Interest Rate Query,Low,09-11-2024,Escalated,17-11-2024
CMP01714,CUST014121,Card Damaged,Medium,17-01-2023,Open,27-01-2023
CMP01715,CUST013854,Late Fee Dispute,Medium,07-02-2022,Closed,10-03-2022
CMP01716,CUST002130,Billing Dispute,Critical,27-10-2024,In Progress,16-08-2023
CMP01717,CUST006155,Statement Error,Low,24-01-2024,In Progress,06-03-2024
CMP01718,CUST003973,Interest Rate Query,High,29-03-2022,Resolved,18-04-2022
CMP01719,CUST003254,Interest Rate Query,Medium,30-10-2023,In Progress,12-12-2023
CMP01720,CUST006417,Fraudulent Charge,High,26-01-2022,Pending Review,07-02-2022
CMP01721,CUST001588,Card Damaged,Medium,20-11-2024,Escalated,03-12-2024
CMP01722,CUST006867,Reward Points Missing,High,28-06-2023,In Progress,16-08-2023
CMP01723,CUST011916,Reward Points Missing,Critical,12-08-2026,Closed,23-09-2026
CMP01724,CUST010387,Reward Points Missing,Medium,11-05-2025,Open,16-08-2023
CMP01725,CUST009503,Statement Error,Medium,09-08-2024,Escalated,16-08-2023
CMP01726,CUST007695,Late Fee Dispute,Critical,17-07-2024,Escalated,02-08-2024
CMP01727,CUST010539,Statement Error,Low,01-03-2022,In Progress,09-01-2022
CMP01728,CUST005711,Billing Dispute,Low,15-10-2025,Pending Review,23-11-2025
CMP01729,CUST009335,Wrong Amount Charged,Low,01-03-2026,Resolved,Low
CMP01730,CUST003508,App Not Working,High,26-05-2026,Closed,29-05-2026
CMP01731,CUST007855,Interest Rate Query,Low,21-04-2025,Closed,01-06-2025
CMP01732,CUST013172,Fraudulent Charge,Low,25-02-2025,Closed,18-03-2025
CMP01733,CUST000722,Wrong Amount Charged,Low,21-04-2023,Resolved,28-04-2023
CMP01734,CUST003974,Reward Points Missing,Medium,06-12-2023,Open,28-12-2023
CMP01735,CUST014345,Late Fee Dispute,Low,04-09-2024,Resolved,16-08-2023
CMP01736,CUST006086,Billing Dispute,Low,12-06-2024,Pending Review,09-01-2025
CMP01737,CUST000268,Billing Dispute,Medium,22-11-2023,Resolved,01-04-2024
CMP01738,CUST013805,Statement Error,Low,01-10-2025,Pending Review,10-08-2025
CMP01739,CUST001108,Fraudulent Charge,Medium,12-10-2023,Pending Review,17-01-2024
CMP01740,CUST008060,Reward Points Missing,Medium,22-01-2023,Pending Review,03-05-2023
CMP01741,CUST003253,Interest Rate Query,Medium,12-05-2024,Resolved,17-06-2024
CMP01742,CUST001116,Interest Rate Query,Low,09-01-2025,In Progress,24-09-2025
CMP01743,CUST000012,Statement Error,Low,12-10-2023,Resolved,22-11-2023
CMP01744,CUST002843,Billing Dispute,Low,26-05-2026,Pending Review,03-07-2026
CMP01745,CUST003785,Wrong Amount Charged,Low,05-05-2025,Open,07-05-2025
CMP01746,CUST011786,Reward Points Missing,Low,09-05-2024,Closed,04-10-2024
CMP01747,CUST007998,Card Damaged,Low,20-02-2022,Open,27-03-2022
CMP01748,CUST005819,Statement Error,Medium,25-12-2025,Open,29-01-2026
CMP01749,CUST006716,Interest Rate Query,Low,28-06-2026,Resolved,Low
CMP01750,CUST012284,App Not Working,High,20-06-2026,Open,11-07-2026
CMP01751,CUST001971,Card Damaged,Low,15-07-2023,Escalated,20-08-2023
CMP01752,CUST009538,Card Not Received,Critical,03-11-2022,Pending Review,10-04-2022
CMP01753,CUST014009,Statement Error,Critical,26-08-2022,Resolved,14-09-2022
CMP01754,CUST005694,Reward Points Missing,Medium,17-12-2023,Escalated,24-01-2024
CMP01755,CUST012916,Card Not Received,Critical,12-02-2022,Resolved,24-03-2022
CMP01756,CUST012416,Card Damaged,Low,27-04-2025,Pending Review,14-05-2025
CMP01757,CUST002191,Card Not Received,Critical,09-06-2022,Escalated,09-07-2022
CMP01758,CUST011103,Billing Dispute,Critical,27-08-2022,Open,28-09-2022
CMP01759,CUST005822,Reward Points Missing,Low,08-10-2025,Open,29-08-2025
CMP01760,CUST006469,Card Not Received,Low,08-07-2025,Resolved,15-08-2025
CMP01761,CUST005492,Interest Rate Query,High,30-07-2022,Pending Review,25-08-2022
CMP01762,CUST008320,Wrong Amount Charged,Critical,10-02-2024,Open,19-02-2024
CMP01763,CUST014138,Billing Dispute,Low,10-11-2025,Closed,20-11-2025
CMP01764,CUST011043,Interest Rate Query,High,17-10-2025,Closed,28-11-2025
CMP01765,CUST000869,Card Not Received,Medium,30-12-2022,Open,02-10-2023
CMP01766,CUST005807,Interest Rate Query,Medium,01-12-2023,Escalated,01-12-2024
CMP01767,CUST012628,Interest Rate Query,High,15-09-2022,Open,10-05-2022
CMP01768,CUST006297,Interest Rate Query,Medium,14-09-2023,Resolved,26-10-2023
CMP01769,CUST002459,Card Damaged,Low,26-04-2026,Escalated,16-08-2023
CMP01770,CUST009192,Reward Points Missing,High,10-02-2025,Closed,14-02-2025
CMP01771,CUST006409,App Not Working,Critical,26-12-2023,Escalated,26-01-2024
CMP01772,CUST003299,Card Not Received,Medium,20-05-2023,Closed,16-08-2023
CMP01773,CUST003139,App Not Working,Critical,10-09-2022,Resolved,23-09-2022
CMP01774,CUST007981,Interest Rate Query,Low,09-11-2022,Escalated,27-11-2022
CMP01775,CUST006369,Reward Points Missing,Medium,07-07-2022,Closed,21-07-2022
CMP01776,CUST010716,Interest Rate Query,Medium,11-12-2024,Escalated,24-12-2024
CMP01777,CUST009251,Fraudulent Charge,Critical,16-05-2026,Open,16-06-2026
CMP01778,CUST008670,Reward Points Missing,Low,01-07-2023,In Progress,07-11-2023
CMP01779,CUST013879,Interest Rate Query,Low,05-11-2024,Closed,Low
CMP01780,CUST010820,Statement Error,Low,06-08-2025,Pending Review,20-09-2025
CMP01781,CUST002701,Wrong Amount Charged,Low,20-11-2024,Closed,16-08-2023
CMP01782,CUST000216,Statement Error,Critical,10-04-2026,Resolved,15-05-2026
CMP01783,CUST014282,Card Not Received,High,16-12-2025,Resolved,20-01-2026
CMP01784,CUST005061,Reward Points Missing,Medium,08-11-2025,Escalated,30-08-2025
CMP01785,CUST014415,Reward Points Missing,Low,22-10-2023,Open,12-02-2023
CMP01786,CUST001750,Reward Points Missing,Critical,11-03-2024,Open,30-03-2024
CMP01787,CUST014097,Interest Rate Query,High,11-05-2024,Resolved,23-11-2024
CMP01788,CUST012990,Reward Points Missing,Low,23-06-2024,Open,07-05-2024
CMP01789,CUST005621,Fraudulent Charge,High,01-09-2026,Resolved,01-09-2026
CMP01790,CUST007399,Card Not Received,Medium,09-02-2023,Resolved,22-03-2023
CMP01791,CUST009429,Card Damaged,High,08-10-2024,In Progress,18-11-2024
CMP01792,CUST001775,Fraudulent Charge,Medium,17-07-2025,Pending Review,22-08-2025
CMP01793,CUST011321,Billing Dispute,Low,27-10-2025,Closed,11-05-2025
CMP01794,CUST006927,Reward Points Missing,Low,16-06-2023,Closed,16-08-2023
CMP01795,CUST002548,Interest Rate Query,Critical,11-11-2022,Pending Review,30-11-2022
CMP01796,CUST006709,Statement Error,Medium,16-04-2026,Closed,20-05-2026
CMP01797,CUST014177,Card Not Received,Low,04-03-2025,Closed,05-10-2025
CMP01798,CUST002856,Interest Rate Query,Low,19-02-2022,Resolved,22-02-2022
CMP01799,CUST012476,Late Fee Dispute,Low,19-02-2025,Closed,03-07-2025
CMP01800,CUST014255,App Not Working,Low,20-12-2022,Resolved,22-12-2022
CMP01801,CUST004135,Late Fee Dispute,Medium,12-01-2026,Pending Review,18-01-2026
CMP01802,CUST001793,Reward Points Missing,Medium,04-07-2025,Open,16-08-2023
CMP01803,CUST005927,Late Fee Dispute,High,27-04-2022,Pending Review,11-05-2022
CMP01804,CUST000188,Wrong Amount Charged,Medium,10-02-2025,Open,12-11-2025
CMP01805,CUST006659,App Not Working,Medium,07-06-2026,Resolved,06-11-2026
CMP01806,CUST005080,Fraudulent Charge,Low,22-05-2026,Resolved,22-05-2026
CMP01807,CUST007403,Late Fee Dispute,Critical,11-07-2025,Closed,12-02-2025
CMP01808,CUST009521,App Not Working,Medium,06-12-2022,In Progress,03-07-2022
CMP01809,CUST001999,Billing Dispute,High,11-01-2024,Escalated,26-11-2024
CMP01810,CUST007959,Late Fee Dispute,High,27-05-2024,Resolved,20-06-2024
CMP01811,CUST005008,Card Damaged,Medium,11-02-2024,Closed,16-08-2023
CMP01812,CUST000213,Statement Error,Low,04-05-2026,Open,18-04-2026
CMP01813,CUST006880,Card Damaged,High,14-11-2022,Closed,14-11-2022
CMP01814,CUST012576,Card Not Received,Low,14-07-2023,Pending Review,08-11-2023
CMP01815,CUST007435,Card Damaged,Low,07-02-2024,Pending Review,20-02-2024
CMP01816,CUST012667,Billing Dispute,High,03-03-2024,Escalated,16-08-2023
CMP01817,CUST009731,Card Damaged,Critical,25-06-2026,Closed,07-05-2026
CMP01818,CUST009320,Card Damaged,High,15-03-2026,Resolved,05-04-2026
CMP01819,CUST005343,Statement Error,High,10-10-2025,In Progress,26-10-2025
CMP01820,CUST012668,Wrong Amount Charged,Medium,03-10-2024,Escalated,10-05-2024
CMP01821,CUST008074,Interest Rate Query,High,25-06-2023,Resolved,15-07-2023
CMP01822,CUST009385,App Not Working,Critical,08-02-2025,Escalated,16-08-2023
CMP01823,CUST005987,Fraudulent Charge,Critical,06-09-2022,Open,17-06-2022
CMP01824,CUST000222,Card Damaged,Medium,02-02-2023,Open,18-03-2023
CMP01825,CUST009092,Card Not Received,Low,10-02-2024,In Progress,Low
CMP01826,CUST001421,App Not Working,Medium,16-06-2022,Escalated,13-07-2022
CMP01827,CUST007319,Statement Error,Low,15-06-2025,Open,24-07-2025
CMP01828,CUST003131,App Not Working,Medium,10-03-2024,Resolved,16-08-2023
CMP01829,CUST014722,Billing Dispute,Medium,12-04-2022,Resolved,03-05-2022
CMP01830,CUST003683,Wrong Amount Charged,High,11-10-2023,Pending Review,07-12-2023
CMP01831,CUST005283,Card Not Received,Low,15-04-2023,Open,16-04-2023
CMP01832,CUST013978,Late Fee Dispute,Critical,31-03-2026,Open,08-04-2026
CMP01833,CUST004932,Card Damaged,Medium,14-08-2022,Resolved,25-08-2022
CMP01834,CUST008739,Reward Points Missing,Low,20-06-2023,Pending Review,20-06-2023
CMP01835,CUST003055,Late Fee Dispute,Medium,22-11-2023,Escalated,01-06-2024
CMP01836,CUST006242,Interest Rate Query,Critical,28-02-2025,Resolved,27-03-2025
CMP01837,CUST006308,Billing Dispute,Medium,30-09-2025,Open,16-08-2023
CMP01838,CUST002640,Late Fee Dispute,Critical,03-01-2025,Escalated,07-03-2025
CMP01839,CUST014951,Statement Error,High,05-07-2025,Resolved,05-08-2025
CMP01840,CUST002930,Billing Dispute,Critical,05-08-2026,In Progress,16-08-2023
CMP01841,CUST001237,Card Damaged,Critical,11-05-2026,Pending Review,16-08-2023
CMP01842,CUST000036,Billing Dispute,Low,19-09-2022,Closed,26-10-2022
CMP01843,CUST013473,Wrong Amount Charged,Critical,18-06-2025,Closed,07-09-2025
CMP01844,CUST011565,Late Fee Dispute,Medium,26-11-2023,Escalated,12-07-2023
CMP01845,CUST008798,Fraudulent Charge,Medium,28-04-2026,Open,16-05-2026
CMP01846,CUST003280,Interest Rate Query,Low,22-02-2025,Closed,30-03-2025
CMP01847,CUST004987,Reward Points Missing,Medium,22-03-2023,Open,16-08-2023
CMP01848,CUST009191,Card Not Received,High,07-10-2022,Open,11-03-2022
CMP01849,CUST014263,Wrong Amount Charged,Medium,29-09-2023,Resolved,10-10-2023
CMP01850,CUST011861,Wrong Amount Charged,Medium,26-09-2023,Closed,11-09-2023
CMP01851,CUST003834,Wrong Amount Charged,Low,14-03-2022,Escalated,27-04-2022
CMP01852,CUST014230,App Not Working,Medium,16-01-2022,Open,28-01-2022
CMP01853,CUST000517,Reward Points Missing,High,01-09-2022,Resolved,02-09-2022
CMP01854,CUST000124,App Not Working,High,06-01-2024,Closed,17-01-2024
CMP01855,CUST011142,Wrong Amount Charged,Medium,23-01-2023,Resolved,03-03-2023
CMP01856,CUST012164,App Not Working,Medium,30-10-2024,Pending Review,16-11-2024
CMP01857,CUST014355,Late Fee Dispute,Low,05-02-2024,Resolved,05-06-2024
CMP01858,CUST006496,Card Damaged,Low,18-09-2024,Closed,16-08-2023
CMP01859,CUST008502,Wrong Amount Charged,High,27-03-2023,Open,15-04-2023
CMP01860,CUST010726,Interest Rate Query,Critical,06-03-2025,Pending Review,09-03-2025
CMP01861,CUST012562,Card Not Received,Medium,18-03-2023,Pending Review,15-04-2023
CMP01862,CUST013094,Card Not Received,Medium,17-11-2023,Resolved,16-08-2023
CMP01863,CUST013170,Billing Dispute,High,20-01-2025,In Progress,13-02-2025
CMP01864,CUST011894,Reward Points Missing,Low,20-08-2023,Escalated,28-08-2023
CMP01865,CUST013124,Late Fee Dispute,Medium,23-12-2024,Pending Review,16-08-2023
CMP01866,CUST004999,Billing Dispute,Low,11-03-2022,Resolved,21-04-2022
CMP01867,CUST013839,Card Damaged,Critical,29-07-2025,Escalated,08-02-2025
CMP01868,CUST009018,Card Not Received,High,12-02-2025,Pending Review,10-03-2025
CMP01869,CUST000795,Statement Error,Low,14-07-2025,In Progress,14-08-2025
CMP01870,CUST000565,Wrong Amount Charged,Medium,15-03-2025,Resolved,24-04-2025
CMP01871,CUST006429,App Not Working,Critical,23-05-2025,Resolved,07-05-2025
CMP01872,CUST010168,Statement Error,High,06-12-2024,Open,06-07-2024
CMP01873,CUST000461,Card Not Received,Low,20-02-2022,Escalated,02-03-2022
CMP01874,CUST008745,Card Damaged,High,07-04-2023,Open,16-08-2023
CMP01875,CUST007213,Wrong Amount Charged,Low,15-12-2023,Closed,24-12-2023
CMP01876,CUST001092,Fraudulent Charge,Low,14-03-2024,Escalated,05-04-2024
CMP01877,CUST006834,Card Not Received,Medium,20-06-2024,Resolved,24-06-2024
CMP01878,CUST011415,Card Damaged,Low,25-09-2022,In Progress,04-10-2022
CMP01879,CUST008190,Reward Points Missing,High,31-03-2023,Open,18-04-2023
CMP01880,CUST014548,App Not Working,High,17-10-2023,In Progress,01-11-2023
CMP01881,CUST009692,Card Damaged,Low,12-04-2024,Closed,05-04-2024
CMP01882,CUST010406,Late Fee Dispute,Low,24-08-2023,Resolved,18-09-2023
CMP01883,CUST014680,Statement Error,Critical,24-10-2024,Closed,28-11-2024
CMP01884,CUST009975,Card Not Received,High,02-02-2024,Open,16-08-2023
CMP01885,CUST013184,Fraudulent Charge,Low,14-04-2022,Pending Review,05-11-2022
CMP01886,CUST011256,Card Not Received,Low,11-04-2025,Pending Review,16-08-2023
CMP01887,CUST002888,Fraudulent Charge,High,09-10-2024,Pending Review,16-08-2023
CMP01888,CUST005694,Wrong Amount Charged,Low,13-08-2023,Open,30-08-2023
CMP01889,CUST011748,Interest Rate Query,Critical,28-12-2023,Open,07-02-2024
CMP01890,CUST014445,Billing Dispute,Low,29-03-2026,Escalated,16-08-2023
CMP01891,CUST013740,Reward Points Missing,Medium,23-09-2022,Resolved,16-08-2023
CMP01892,CUST007092,Card Damaged,Medium,31-08-2025,Open,09-09-2025
CMP01893,CUST004769,Reward Points Missing,Medium,21-12-2024,Open,13-01-2025
CMP01894,CUST000223,App Not Working,Low,02-01-2023,Open,01-09-2023
CMP01895,CUST000972,App Not Working,High,30-10-2025,In Progress,23-11-2025
CMP01896,CUST000772,Reward Points Missing,Medium,26-05-2022,In Progress,28-05-2022
CMP01897,CUST012503,Billing Dispute,High,07-12-2023,Open,21-12-2023
CMP01898,CUST004702,Card Not Received,High,28-06-2025,Resolved,22-07-2025
CMP01899,CUST005456,Reward Points Missing,High,17-05-2026,Closed,20-05-2026
CMP01900,CUST003092,Statement Error,Low,11-04-2025,Resolved,02-05-2025
CMP01901,CUST001090,Card Damaged,Low,19-09-2022,Resolved,27-10-2022
CMP01902,CUST001958,Reward Points Missing,Low,30-12-2023,Open,06-02-2024
CMP01903,CUST004566,Card Not Received,Low,30-03-2022,Pending Review,20-04-2022
CMP01904,CUST010610,Interest Rate Query,Medium,05-03-2026,Resolved,31-03-2026
CMP01905,CUST013005,Wrong Amount Charged,Medium,16-01-2024,Pending Review,26-02-2024
CMP01906,CUST004748,Fraudulent Charge,Low,17-12-2024,Resolved,28-01-2025
CMP01907,CUST012025,Billing Dispute,Low,10-03-2023,In Progress,17-04-2023
CMP01908,CUST010906,Reward Points Missing,Low,18-09-2024,Escalated,18-10-2024
CMP01909,CUST002429,App Not Working,High,26-04-2025,In Progress,01-06-2025
CMP01910,CUST007797,Late Fee Dispute,Critical,16-07-2022,Open,16-08-2023
CMP01911,CUST013861,Interest Rate Query,Medium,02-06-2022,In Progress,08-02-2022
CMP01912,CUST004859,Wrong Amount Charged,Low,30-12-2022,Resolved,02-07-2023
CMP01913,CUST002226,App Not Working,Low,30-09-2024,Pending Review,28-10-2024
CMP01914,CUST013759,Fraudulent Charge,High,03-09-2022,In Progress,13-10-2022
CMP01915,CUST005598,Card Damaged,High,20-01-2024,Open,19-02-2024
CMP01916,CUST008356,Card Not Received,High,19-09-2025,Escalated,06-10-2025
CMP01917,CUST011940,Wrong Amount Charged,High,16-12-2024,Escalated,22-12-2024
CMP01918,CUST010300,Late Fee Dispute,High,20-07-2026,In Progress,24-08-2026
CMP01919,CUST004695,Late Fee Dispute,Medium,06-01-2026,Open,07-08-2026
CMP01920,CUST011448,Statement Error,High,08-02-2022,Open,12-02-2022
CMP01921,CUST002247,Billing Dispute,Low,08-03-2024,Escalated,25-08-2024
CMP01922,CUST014920,Statement Error,Low,04-09-2022,Closed,22-05-2022
CMP01923,CUST000733,Reward Points Missing,Critical,25-08-2025,Resolved,07-09-2025
CMP01924,CUST010608,Fraudulent Charge,High,19-10-2023,Open,16-08-2023
CMP01925,CUST006655,Card Damaged,Low,12-09-2023,In Progress,16-10-2023
CMP01926,CUST008338,App Not Working,Critical,10-03-2024,Open,16-08-2023
CMP01927,CUST003214,Card Damaged,High,17-01-2024,Resolved,16-08-2023
CMP01928,CUST001033,Fraudulent Charge,Low,22-06-2026,In Progress,23-06-2026
CMP01929,CUST012329,Late Fee Dispute,Critical,05-06-2022,Closed,13-06-2022
CMP01930,CUST011588,Card Damaged,Low,16-09-2025,Resolved,10-10-2025
CMP01931,CUST014686,Reward Points Missing,Low,25-05-2022,Open,25-06-2022
CMP01932,CUST010858,Late Fee Dispute,High,04-11-2026,Open,02-05-2026
CMP01933,CUST001890,Reward Points Missing,Medium,28-11-2023,Open,20-12-2023
CMP01934,CUST001439,Statement Error,Medium,07-10-2025,Resolved,11-11-2025
CMP01935,CUST001796,Card Damaged,Low,16-05-2022,Open,06-09-2022
CMP01936,CUST014623,Wrong Amount Charged,Critical,06-05-2026,Closed,13-07-2026
CMP01937,CUST005911,Fraudulent Charge,Medium,20-02-2024,Closed,26-03-2024
CMP01938,CUST000340,Late Fee Dispute,Medium,18-04-2022,Open,06-02-2022
CMP01939,CUST004875,App Not Working,Medium,03-08-2024,Open,03-10-2024
CMP01940,CUST008045,Billing Dispute,Low,28-09-2025,Open,04-11-2025
CMP01941,CUST010087,Reward Points Missing,Low,02-02-2026,Escalated,01-03-2026
CMP01942,CUST013042,Card Not Received,Low,07-04-2024,Pending Review,16-08-2023
CMP01943,CUST007796,Interest Rate Query,Low,06-06-2026,Resolved,27-06-2026
CMP01944,CUST001305,Card Damaged,High,18-07-2026,In Progress,29-07-2026
CMP01945,CUST003877,Fraudulent Charge,High,01-12-2022,Open,02-09-2022
CMP01946,CUST009036,Wrong Amount Charged,Low,14-10-2023,Resolved,11-03-2023
CMP01947,CUST002561,Fraudulent Charge,Critical,23-10-2024,Resolved,06-12-2024
CMP01948,CUST009063,Reward Points Missing,Critical,29-12-2025,Resolved,01-01-2026
CMP01949,CUST007929,Late Fee Dispute,Low,15-02-2024,Resolved,28-02-2024
CMP01950,CUST004731,Late Fee Dispute,Low,14-04-2026,Open,06-05-2026
CMP01951,CUST007715,Reward Points Missing,Low,11-10-2025,Open,15-11-2025
CMP01952,CUST005780,Billing Dispute,Low,01-12-2023,Closed,05-12-2023
CMP01953,CUST011212,Reward Points Missing,Low,05-05-2024,Closed,Low
CMP01954,CUST009247,App Not Working,High,31-03-2023,Closed,19-04-2023
CMP01955,CUST006173,Fraudulent Charge,Low,09-03-2022,Pending Review,13-03-2022
CMP01956,CUST006178,Card Damaged,Medium,03-01-2025,Open,16-08-2023
CMP01957,CUST001662,App Not Working,Medium,13-05-2024,Closed,16-08-2023
CMP01958,CUST007192,Fraudulent Charge,Low,28-04-2023,Resolved,18-05-2023
CMP01959,CUST013441,Card Damaged,Low,27-04-2026,Open,06-08-2026
CMP01960,CUST000308,App Not Working,Low,03-11-2025,Closed,21-04-2025
CMP01961,CUST010979,Billing Dispute,High,28-06-2026,Pending Review,22-07-2026
CMP01962,CUST005884,Reward Points Missing,Low,23-08-2022,Pending Review,10-06-2022
CMP01963,CUST014974,Fraudulent Charge,Medium,07-09-2025,Resolved,16-08-2023
CMP01964,CUST010713,Fraudulent Charge,High,02-08-2024,Resolved,08-04-2024
CMP01965,CUST001356,Billing Dispute,Low,20-01-2024,Pending Review,02-12-2024
CMP01966,CUST013688,Fraudulent Charge,Low,11-05-2025,In Progress,16-08-2023
CMP01967,CUST000282,Late Fee Dispute,Medium,25-01-2023,Open,23-02-2023
CMP01968,CUST002424,Interest Rate Query,High,01-04-2024,Open,20-04-2024
CMP01969,CUST007313,Late Fee Dispute,High,02-05-2024,Closed,28-02-2024
CMP01970,CUST001380,Card Not Received,Low,16-04-2026,Resolved,15-05-2026
CMP01971,CUST000715,Billing Dispute,Medium,21-04-2026,Open,13-05-2026
CMP01972,CUST005927,Card Damaged,High,10-10-2025,In Progress,11-10-2025
CMP01973,CUST006413,Billing Dispute,Low,13-10-2022,Resolved,08-11-2022
CMP01974,CUST010075,Interest Rate Query,Medium,08-08-2024,Open,16-08-2023
CMP01975,CUST005244,Statement Error,High,12-08-2026,Escalated,22-09-2026
CMP01976,CUST011440,Fraudulent Charge,Low,20-02-2026,Escalated,16-08-2023
CMP01977,CUST001431,Billing Dispute,Medium,30-05-2026,In Progress,07-05-2026
CMP01978,CUST008271,Billing Dispute,High,11-08-2025,Resolved,17-11-2025
CMP01979,CUST006484,Late Fee Dispute,Medium,17-03-2025,Escalated,21-03-2025
CMP01980,CUST012204,Wrong Amount Charged,High,19-01-2023,Open,02-01-2023
CMP01981,CUST010310,Reward Points Missing,Medium,20-07-2022,Resolved,08-12-2022
CMP01982,CUST001111,App Not Working,High,13-06-2023,Resolved,27-06-2023
CMP01983,CUST014852,Card Not Received,Low,23-03-2026,Escalated,10-04-2026
CMP01984,CUST012314,Interest Rate Query,Medium,07-07-2023,Escalated,28-07-2023
CMP01985,CUST001775,Interest Rate Query,Critical,26-04-2026,Resolved,05-06-2026
CMP01986,CUST013112,Late Fee Dispute,High,03-01-2024,In Progress,22-01-2024
CMP01987,CUST012110,Fraudulent Charge,Low,01-11-2024,Closed,27-01-2024
CMP01988,CUST006349,Reward Points Missing,High,09-12-2023,Escalated,18-10-2023
CMP01989,CUST004341,Card Not Received,Low,18-08-2022,Closed,16-09-2022
CMP01990,CUST003706,Late Fee Dispute,Medium,16-04-2025,Closed,30-05-2025
CMP01991,CUST001608,Reward Points Missing,Critical,04-03-2023,In Progress,29-03-2023
CMP01992,CUST013658,Interest Rate Query,Medium,15-07-2026,Resolved,19-08-2026
CMP01993,CUST012967,Reward Points Missing,Low,26-05-2025,Resolved,06-08-2025
CMP01994,CUST008855,Wrong Amount Charged,Medium,22-03-2024,Pending Review,06-04-2024
CMP01995,CUST001354,Card Damaged,Medium,07-05-2025,In Progress,06-11-2025
CMP01996,CUST002013,Fraudulent Charge,Medium,23-10-2022,Open,26-11-2022
CMP01997,CUST010337,Statement Error,Critical,21-06-2026,Resolved,22-06-2026
CMP01998,CUST004636,App Not Working,Low,14-09-2023,Resolved,Low
CMP01999,CUST011541,Wrong Amount Charged,Low,21-09-2025,Resolved,20-10-2025
CMP02000,CUST012267,App Not Working,High,19-08-2023,Resolved,16-08-2023
CMP02001,CUST006041,Statement Error,High,03-03-2026,Pending Review,04-08-2026
CMP02002,CUST008867,Statement Error,High,04-10-2025,Pending Review,24-04-2025
CMP02003,CUST005254,Fraudulent Charge,Medium,28-08-2023,Escalated,16-08-2023
CMP02004,CUST004947,Wrong Amount Charged,High,25-05-2023,Open,07-03-2023
CMP02005,CUST000788,Card Not Received,Medium,01-03-2023,Resolved,03-03-2023
CMP02006,CUST008423,Wrong Amount Charged,Low,20-01-2023,Closed,02-08-2023
CMP02007,CUST009033,Reward Points Missing,Low,16-04-2025,Closed,05-02-2025
CMP02008,CUST000488,Card Not Received,Low,11-03-2026,Escalated,13-04-2026
CMP02009,CUST014177,Billing Dispute,Medium,02-01-2023,Resolved,03-02-2023
CMP02010,CUST007428,Statement Error,Low,13-02-2023,Open,13-03-2023
CMP02011,CUST010584,Wrong Amount Charged,High,03-11-2024,Resolved,05-11-2024
CMP02012,CUST006688,Wrong Amount Charged,Low,10-03-2022,Open,18-03-2022
CMP02013,CUST003364,Card Not Received,Low,19-09-2022,Pending Review,30-10-2022
CMP02014,CUST005147,Statement Error,Low,08-09-2025,Closed,Low
CMP02015,CUST002773,App Not Working,Medium,08-06-2026,Open,16-08-2023
CMP02016,CUST011081,Wrong Amount Charged,Medium,07-11-2024,Open,08-03-2024
CMP02017,CUST013924,Reward Points Missing,Low,06-12-2023,Escalated,11-12-2023
CMP02018,CUST013010,Card Not Received,High,07-02-2025,Escalated,16-08-2023
CMP02019,CUST009924,Card Damaged,Critical,17-12-2023,Closed,04-01-2024
CMP02020,CUST007082,Interest Rate Query,Low,05-01-2026,Open,15-05-2026
CMP02021,CUST007281,Card Damaged,Medium,03-07-2023,In Progress,16-08-2023
CMP02022,CUST005993,Billing Dispute,Medium,26-12-2023,Escalated,16-01-2024
CMP02023,CUST000707,Fraudulent Charge,Low,20-11-2025,Resolved,16-12-2025
CMP02024,CUST014866,Late Fee Dispute,Low,19-05-2026,Open,Low
CMP02025,CUST013672,Interest Rate Query,High,02-09-2024,Pending Review,17-02-2024
CMP02026,CUST013952,App Not Working,Low,03-08-2024,Open,16-08-2023
CMP02027,CUST006309,Reward Points Missing,Low,12-07-2025,Pending Review,01-02-2026
CMP02028,CUST008790,Reward Points Missing,High,02-06-2024,Escalated,07-03-2024
CMP02029,CUST007906,Statement Error,Critical,26-01-2025,Closed,25-02-2025
CMP02030,CUST003688,Wrong Amount Charged,Low,23-04-2025,Escalated,14-05-2025
CMP02031,CUST001101,Reward Points Missing,Low,26-11-2023,Resolved,22-12-2023
CMP02032,CUST014263,App Not Working,Medium,27-05-2022,Escalated,16-08-2023
CMP02033,CUST011481,App Not Working,Low,01-11-2025,In Progress,16-08-2023
CMP02034,CUST003527,Billing Dispute,Low,14-07-2026,Open,31-07-2026
CMP02035,CUST012445,Card Damaged,Low,28-01-2023,Closed,04-03-2023
CMP02036,CUST011544,Interest Rate Query,Medium,09-01-2023,Open,22-09-2023
CMP02037,CUST014708,Fraudulent Charge,Critical,17-05-2023,Escalated,20-06-2023
CMP02038,CUST007700,App Not Working,High,22-06-2023,In Progress,29-07-2023
CMP02039,CUST014263,Card Damaged,Medium,18-11-2025,Pending Review,02-12-2025
CMP02040,CUST002239,App Not Working,Medium,11-03-2023,Resolved,17-12-2023
CMP02041,CUST003698,App Not Working,High,05-08-2022,In Progress,17-08-2022
CMP02042,CUST003366,Card Not Received,Low,06-09-2022,Resolved,16-08-2023
CMP02043,CUST002348,Statement Error,High,28-02-2022,In Progress,04-03-2022
CMP02044,CUST006005,Card Not Received,Low,15-08-2025,Open,18-08-2025
CMP02045,CUST014678,Card Damaged,High,16-02-2022,Resolved,16-08-2023
CMP02046,CUST004551,Interest Rate Query,Low,01-06-2026,In Progress,07-12-2026
CMP02047,CUST007153,Card Damaged,Low,06-03-2025,Open,16-08-2023
CMP02048,CUST013275,Fraudulent Charge,Low,26-11-2022,Resolved,31-12-2022
CMP02049,CUST010032,Card Damaged,Low,19-07-2023,Closed,08-01-2023
CMP02050,CUST000526,Reward Points Missing,High,01-10-2022,Resolved,11-04-2022
CMP02051,CUST010377,Wrong Amount Charged,Low,25-10-2024,Closed,12-11-2024
CMP02052,CUST001365,Card Damaged,High,31-07-2023,Pending Review,Low
CMP02053,CUST002378,Wrong Amount Charged,Low,23-09-2022,Resolved,10-08-2022
CMP02054,CUST007724,Fraudulent Charge,Medium,19-06-2025,In Progress,25-06-2025
CMP02055,CUST002328,Reward Points Missing,Medium,02-01-2024,Resolved,02-12-2024
CMP02056,CUST008021,Card Damaged,Medium,03-08-2022,Escalated,09-08-2022
CMP02057,CUST008417,Card Damaged,High,21-07-2025,Resolved,16-08-2023
CMP02058,CUST001058,App Not Working,Low,23-10-2024,Resolved,16-08-2023
CMP02059,CUST006316,Late Fee Dispute,Low,05-02-2026,In Progress,14-05-2026
CMP02060,CUST008329,Fraudulent Charge,Low,24-07-2024,Open,15-08-2024
CMP02061,CUST000450,Statement Error,Low,11-05-2024,Open,01-12-2024
CMP02062,CUST006579,Fraudulent Charge,Low,02-08-2026,Pending Review,24-02-2026
CMP02063,CUST003248,Wrong Amount Charged,Medium,21-06-2026,Resolved,29-07-2026
CMP02064,CUST004535,Reward Points Missing,High,28-04-2026,Resolved,16-08-2023
CMP02065,CUST004922,Reward Points Missing,Low,27-09-2023,Escalated,10-04-2023
CMP02066,CUST011982,Billing Dispute,High,06-08-2023,In Progress,16-08-2023
CMP02067,CUST012536,App Not Working,Critical,28-02-2023,Closed,12-04-2023
CMP02068,CUST010693,Wrong Amount Charged,Low,26-08-2022,Pending Review,04-10-2022
CMP02069,CUST003195,Fraudulent Charge,High,28-05-2025,Escalated,16-08-2023
CMP02070,CUST005021,Fraudulent Charge,Low,08-03-2025,Pending Review,13-04-2025
CMP02071,CUST009188,Statement Error,Medium,05-11-2022,Open,14-11-2022
CMP02072,CUST002416,Billing Dispute,Critical,23-09-2024,In Progress,24-09-2024
CMP02073,CUST000123,Late Fee Dispute,Low,31-03-2026,Resolved,05-05-2026
CMP02074,CUST009904,Card Damaged,Critical,21-03-2025,Open,24-03-2025
CMP02075,CUST001556,Late Fee Dispute,Low,17-03-2024,Closed,31-03-2024
CMP02076,CUST012011,Fraudulent Charge,Critical,22-05-2024,Pending Review,07-02-2024
CMP02077,CUST000072,Late Fee Dispute,Low,23-10-2022,Open,31-10-2022
CMP02078,CUST001265,Wrong Amount Charged,High,22-08-2025,Pending Review,30-08-2025
CMP02079,CUST004192,Late Fee Dispute,High,02-06-2026,Resolved,02-07-2026
CMP02080,CUST002665,Card Damaged,High,19-06-2024,Open,30-07-2024
CMP02081,CUST012701,Card Not Received,Medium,09-08-2026,Pending Review,30-08-2026
CMP02082,CUST004220,Interest Rate Query,Critical,28-08-2025,Escalated,27-09-2025
CMP02083,CUST010535,Reward Points Missing,Low,10-01-2025,Open,16-08-2023
CMP02084,CUST004356,Card Not Received,Critical,09-08-2025,Open,29-08-2025
CMP02085,CUST009640,Interest Rate Query,High,06-12-2025,Closed,16-08-2023
CMP02086,CUST008965,Reward Points Missing,Low,19-10-2023,Escalated,29-10-2023
CMP02087,CUST012528,Interest Rate Query,High,27-10-2025,Escalated,03-12-2025
CMP02088,CUST012669,Wrong Amount Charged,Medium,07-01-2024,Resolved,16-08-2023
CMP02089,CUST005207,Wrong Amount Charged,Low,23-02-2026,Escalated,10-03-2026
CMP02090,CUST011045,Late Fee Dispute,Low,30-10-2022,Open,16-08-2023
CMP02091,CUST008584,Statement Error,Critical,20-10-2024,In Progress,16-08-2023
CMP02092,CUST009099,Interest Rate Query,Critical,15-02-2023,Resolved,01-03-2023
CMP02093,CUST000870,Card Damaged,Low,04-02-2026,In Progress,17-03-2026
CMP02094,CUST004000,Statement Error,Low,18-02-2024,Resolved,02-04-2024
CMP02095,CUST005102,App Not Working,Medium,28-07-2024,Resolved,16-08-2023
CMP02096,CUST007021,Card Not Received,High,28-11-2025,Open,11-01-2026
CMP02097,CUST001793,Wrong Amount Charged,High,14-04-2022,In Progress,19-04-2022
CMP02098,CUST004012,Wrong Amount Charged,High,11-02-2023,Resolved,11-11-2023
CMP02099,CUST009649,Wrong Amount Charged,Critical,20-03-2026,In Progress,16-08-2023
CMP02100,CUST010765,Billing Dispute,Low,04-08-2022,Closed,16-08-2023
CMP02101,CUST007272,Card Not Received,Low,03-05-2024,Resolved,Low
CMP02102,CUST009085,App Not Working,High,09-07-2023,Closed,16-08-2023
CMP02103,CUST007795,Reward Points Missing,Low,19-10-2023,Resolved,05-11-2023
CMP02104,CUST009381,Wrong Amount Charged,Low,16-06-2023,Open,06-07-2023
CMP02105,CUST005901,Statement Error,High,02-05-2026,Resolved,05-03-2026
CMP02106,CUST009693,Reward Points Missing,Medium,28-04-2024,Open,05-07-2024
CMP02107,CUST003098,Interest Rate Query,Medium,15-12-2023,Open,06-01-2024
CMP02108,CUST003409,Wrong Amount Charged,High,19-03-2026,Closed,29-04-2026
CMP02109,CUST007767,Interest Rate Query,Medium,01-02-2024,Resolved,14-02-2024
CMP02110,CUST000862,App Not Working,Critical,02-03-2024,Open,16-08-2023
CMP02111,CUST004939,Reward Points Missing,Low,11-02-2025,Resolved,03-05-2025
CMP02112,CUST007905,Card Not Received,Medium,05-09-2025,Open,13-05-2025
CMP02113,CUST002640,Reward Points Missing,Critical,15-11-2024,Open,28-11-2024
CMP02114,CUST004785,Card Damaged,Low,23-09-2024,Closed,10-04-2024
CMP02115,CUST001919,Late Fee Dispute,High,11-12-2023,Closed,27-12-2023
CMP02116,CUST004694,Statement Error,High,27-03-2022,In Progress,16-08-2023
CMP02117,CUST000572,Fraudulent Charge,Critical,02-12-2023,In Progress,11-03-2023
CMP02118,CUST012440,Fraudulent Charge,Low,24-11-2022,Resolved,16-08-2023
CMP02119,CUST002272,Reward Points Missing,Medium,25-05-2024,Resolved,07-07-2024
CMP02120,CUST010049,Fraudulent Charge,High,28-03-2025,Open,01-04-2025
CMP02121,CUST004543,Fraudulent Charge,High,26-03-2026,Resolved,07-04-2026
CMP02122,CUST009640,Billing Dispute,Medium,05-10-2023,Escalated,11-04-2023
CMP02123,CUST004441,Late Fee Dispute,Low,29-01-2025,Pending Review,14-02-2025
CMP02124,CUST011727,Card Not Received,Medium,08-01-2022,Resolved,08-11-2022
CMP02125,CUST002184,Fraudulent Charge,Low,16-06-2026,Escalated,15-07-2026
CMP02126,CUST005786,Statement Error,Low,09-09-2024,Closed,25-09-2024
CMP02127,CUST013382,Wrong Amount Charged,Medium,17-04-2022,Escalated,25-04-2022
CMP02128,CUST013670,Billing Dispute,Low,26-09-2022,Closed,16-08-2023
CMP02129,CUST011369,Billing Dispute,Medium,04-04-2026,Open,14-04-2026
CMP02130,CUST001996,Interest Rate Query,High,27-04-2025,Resolved,16-08-2023
CMP02131,CUST007035,Late Fee Dispute,Critical,22-10-2022,In Progress,30-10-2022
CMP02132,CUST004643,Card Damaged,Low,27-05-2025,Open,16-08-2023
CMP02133,CUST000154,Billing Dispute,High,13-01-2023,In Progress,22-02-2023
CMP02134,CUST011408,Reward Points Missing,Low,04-12-2024,Open,08-05-2024
CMP02135,CUST014397,Wrong Amount Charged,Critical,14-12-2025,Closed,01-06-2026
CMP02136,CUST004942,Billing Dispute,Medium,23-09-2022,Open,10-06-2022
CMP02137,CUST005277,Statement Error,Low,08-06-2024,Closed,26-08-2024
CMP02138,CUST006894,Late Fee Dispute,Low,28-06-2022,Open,08-07-2022
CMP02139,CUST011167,Reward Points Missing,Low,16-07-2022,Open,16-07-2022
CMP02140,CUST005909,Statement Error,Low,02-10-2025,Resolved,11-12-2025
CMP02141,CUST008790,App Not Working,Low,17-05-2025,Open,27-06-2025
CMP02142,CUST002376,Statement Error,High,20-04-2023,Closed,16-08-2023
CMP02143,CUST010174,Card Not Received,Low,07-03-2022,Resolved,07-08-2022
CMP02144,CUST002336,Card Damaged,Medium,27-04-2025,Open,13-05-2025
CMP02145,CUST006496,Card Damaged,High,04-08-2024,Closed,08-04-2024
CMP02146,CUST013765,Wrong Amount Charged,Critical,08-11-2022,In Progress,20-09-2022
CMP02147,CUST013581,Billing Dispute,Low,06-07-2025,Resolved,03-07-2025
CMP02148,CUST003755,Interest Rate Query,Low,24-05-2025,Pending Review,17-06-2025
CMP02149,CUST005726,Billing Dispute,Medium,12-07-2023,Resolved,18-12-2023
CMP02150,CUST007693,Billing Dispute,Medium,06-05-2024,Closed,01-07-2024
CMP02151,CUST000808,Late Fee Dispute,Medium,10-09-2022,Closed,16-08-2023
CMP02152,CUST013434,Reward Points Missing,Low,17-06-2022,Resolved,27-07-2022
CMP02153,CUST014204,Card Not Received,High,06-04-2023,Open,21-04-2023
CMP02154,CUST001403,Card Damaged,Medium,23-07-2026,Open,27-07-2026
CMP02155,CUST000230,Interest Rate Query,High,02-09-2025,Open,20-03-2025
CMP02156,CUST004989,Card Damaged,Medium,07-10-2023,Closed,08-06-2023
CMP02157,CUST001018,Card Not Received,Medium,31-03-2023,Resolved,25-04-2023
CMP02158,CUST014172,App Not Working,Low,07-10-2025,Resolved,16-08-2023
CMP02159,CUST013892,Wrong Amount Charged,Medium,23-10-2024,Closed,04-11-2024
CMP02160,CUST006700,Card Damaged,High,13-07-2026,Open,16-08-2023
CMP02161,CUST004017,Card Not Received,High,12-09-2023,Closed,28-12-2023
CMP02162,CUST001681,Card Damaged,Critical,07-12-2026,Resolved,04-08-2026
CMP02163,CUST005913,Fraudulent Charge,High,07-09-2022,Resolved,28-07-2022
CMP02164,CUST005488,Late Fee Dispute,Low,08-08-2025,Escalated,25-08-2025
CMP02165,CUST014825,Statement Error,Low,26-07-2024,Resolved,08-08-2024
CMP02166,CUST010923,Card Damaged,Low,08-07-2026,Open,20-07-2026
CMP02167,CUST002242,Wrong Amount Charged,Low,09-09-2025,Open,01-10-2025
CMP02168,CUST008532,App Not Working,High,21-01-2026,Open,02-11-2026
CMP02169,CUST009162,Interest Rate Query,Low,07-02-2025,Escalated,Low
CMP02170,CUST002320,Reward Points Missing,Medium,07-01-2024,Resolved,16-08-2023
CMP02171,CUST005458,App Not Working,High,23-08-2023,In Progress,25-09-2023
CMP02172,CUST012563,Card Damaged,Low,20-02-2024,Resolved,31-03-2024
CMP02173,CUST001176,App Not Working,Medium,04-05-2024,Resolved,04-11-2024
CMP02174,CUST003262,Fraudulent Charge,High,04-08-2022,Open,16-08-2023
CMP02175,CUST004537,Card Damaged,High,06-08-2025,Escalated,24-06-2025
CMP02176,CUST006009,Card Not Received,Medium,09-02-2024,Escalated,29-02-2024
CMP02177,CUST011072,Interest Rate Query,Low,28-02-2025,Pending Review,26-03-2025
CMP02178,CUST008239,Fraudulent Charge,Low,15-06-2025,Closed,28-06-2025
CMP02179,CUST000762,Wrong Amount Charged,Low,03-04-2024,In Progress,04-05-2024
CMP02180,CUST005096,Card Not Received,Low,13-03-2022,Open,04-06-2022
CMP02181,CUST003249,Wrong Amount Charged,Medium,17-02-2026,Escalated,23-02-2026
CMP02182,CUST010549,Statement Error,Low,30-11-2023,Closed,12-10-2023
CMP02183,CUST003515,Card Not Received,Critical,23-11-2025,Resolved,12-02-2025
CMP02184,CUST011884,Fraudulent Charge,Low,24-03-2023,In Progress,Low
CMP02185,CUST000279,Card Not Received,Low,20-06-2024,Pending Review,29-06-2024
CMP02186,CUST009862,Reward Points Missing,Medium,31-12-2022,Escalated,31-01-2023
CMP02187,CUST014892,Statement Error,Medium,01-03-2023,Open,16-08-2023
CMP02188,CUST013433,Interest Rate Query,Low,05-05-2025,Resolved,22-05-2025
CMP02189,CUST005731,Fraudulent Charge,Medium,16-02-2025,Resolved,23-02-2025
CMP02190,CUST013048,Card Not Received,High,02-03-2023,Closed,26-02-2023
CMP02191,CUST009198,Wrong Amount Charged,Low,26-03-2024,Pending Review,04-12-2024
CMP02192,CUST009868,Statement Error,Low,17-03-2022,In Progress,17-03-2022
CMP02193,CUST001522,Interest Rate Query,Low,10-06-2026,Open,16-07-2026
CMP02194,CUST007091,Billing Dispute,Medium,06-02-2026,Resolved,16-02-2026
CMP02195,CUST006217,Card Not Received,High,10-10-2022,Open,07-11-2022
CMP02196,CUST014772,Interest Rate Query,Low,08-08-2022,Open,17-08-2022
CMP02197,CUST010603,Card Damaged,Low,15-11-2025,Pending Review,22-11-2025
CMP02198,CUST014466,Late Fee Dispute,Low,01-02-2025,Closed,30-01-2025
CMP02199,CUST001459,Wrong Amount Charged,High,11-01-2023,Open,25-02-2023
CMP02200,CUST006174,Billing Dispute,High,18-02-2025,Resolved,16-08-2023
CMP02201,CUST003765,Statement Error,Medium,12-01-2023,Open,12-04-2023
CMP02202,CUST001417,Late Fee Dispute,Low,02-11-2023,Resolved,22-02-2023
CMP02203,CUST013727,Late Fee Dispute,High,05-06-2022,Pending Review,07-05-2022
CMP02204,CUST007335,Billing Dispute,Medium,22-05-2023,Escalated,16-08-2023
CMP02205,CUST006987,Statement Error,Medium,15-06-2023,Escalated,15-06-2023
CMP02206,CUST014433,App Not Working,Medium,11-01-2026,Resolved,16-08-2023
CMP02207,CUST006983,Card Not Received,Low,20-05-2022,Open,03-06-2022
CMP02208,CUST013730,Statement Error,Critical,12-04-2022,Open,27-05-2022
CMP02209,CUST011556,Billing Dispute,High,05-11-2023,Open,18-06-2023
CMP02210,CUST001370,Wrong Amount Charged,Critical,16-05-2026,Closed,28-05-2026
CMP02211,CUST007764,Statement Error,Critical,04-12-2026,Resolved,16-08-2023
CMP02212,CUST001991,Statement Error,Low,10-08-2025,Resolved,22-08-2025
CMP02213,CUST007951,Card Damaged,Critical,21-04-2024,Open,16-08-2023
CMP02214,CUST010282,Fraudulent Charge,Low,23-02-2026,Pending Review,16-03-2026
CMP02215,CUST008365,Billing Dispute,Medium,23-02-2023,Open,08-03-2023
CMP02216,CUST000468,App Not Working,Medium,19-05-2023,Open,06-06-2023
CMP02217,CUST013790,Card Not Received,Medium,13-06-2025,Resolved,23-07-2025
CMP02218,CUST006728,Interest Rate Query,High,25-12-2025,Escalated,01-02-2026
CMP02219,CUST010540,Wrong Amount Charged,Low,11-04-2025,Pending Review,15-04-2025
CMP02220,CUST007296,Interest Rate Query,High,26-05-2026,Pending Review,12-06-2026
CMP02221,CUST008517,Card Damaged,Critical,30-05-2024,Pending Review,27-06-2024
CMP02222,CUST008272,Card Damaged,Medium,08-06-2025,Pending Review,05-09-2025
CMP02223,CUST009048,Reward Points Missing,Low,06-02-2022,Resolved,16-07-2022
CMP02224,CUST003630,Late Fee Dispute,Low,23-04-2022,Resolved,30-04-2022
CMP02225,CUST000471,Statement Error,Low,12-09-2024,Open,20-09-2024
CMP02226,CUST010495,Card Damaged,Low,24-11-2024,Closed,16-12-2024
CMP02227,CUST001881,Fraudulent Charge,Medium,11-08-2023,Resolved,27-08-2023
CMP02228,CUST000909,Fraudulent Charge,Low,09-12-2025,Closed,Low
CMP02229,CUST008636,Card Not Received,Low,28-01-2025,In Progress,01-03-2025
CMP02230,CUST008815,Interest Rate Query,Low,22-07-2022,Resolved,22-08-2022
CMP02231,CUST009999,Statement Error,Low,10-09-2022,Open,27-10-2022
CMP02232,CUST009599,Fraudulent Charge,High,10-08-2022,In Progress,16-08-2023
CMP02233,CUST000195,Billing Dispute,Critical,24-02-2023,Pending Review,03-06-2023
CMP02234,CUST013908,Billing Dispute,Critical,27-06-2022,Closed,08-01-2022
CMP02235,CUST009945,Late Fee Dispute,Low,19-10-2022,Pending Review,12-03-2022
CMP02236,CUST009245,Statement Error,Medium,01-06-2022,Pending Review,18-02-2022
CMP02237,CUST014930,Interest Rate Query,Medium,07-09-2024,Escalated,07-08-2024
CMP02238,CUST008752,Card Not Received,Low,19-09-2025,Open,16-08-2023
CMP02239,CUST005920,Reward Points Missing,High,07-01-2025,Open,28-07-2025
CMP02240,CUST009931,Late Fee Dispute,Low,16-11-2023,Open,12-01-2023
CMP02241,CUST012159,Reward Points Missing,Low,20-05-2026,Escalated,16-08-2023
CMP02242,CUST011320,Interest Rate Query,Medium,01-11-2024,In Progress,26-01-2024
CMP02243,CUST013639,Fraudulent Charge,Medium,09-07-2023,Resolved,10-01-2023
CMP02244,CUST012694,Fraudulent Charge,Medium,28-12-2022,Escalated,24-01-2023
CMP02245,CUST000510,Billing Dispute,Critical,04-02-2026,Open,08-02-2026
CMP02246,CUST008004,App Not Working,Medium,27-08-2023,Open,09-10-2023
CMP02247,CUST006281,Late Fee Dispute,Critical,09-05-2023,Open,16-08-2023
CMP02248,CUST011305,Reward Points Missing,Medium,27-09-2022,In Progress,15-10-2022
CMP02249,CUST005587,Fraudulent Charge,High,03-09-2022,Pending Review,06-04-2022
CMP02250,CUST014532,Reward Points Missing,High,29-06-2026,Resolved,21-07-2026
CMP02251,CUST003221,Interest Rate Query,Low,25-11-2022,Escalated,09-12-2022
CMP02252,CUST014112,Card Not Received,Medium,24-10-2024,Open,12-03-2024
CMP02253,CUST011413,App Not Working,Low,16-06-2026,Resolved,Low
CMP02254,CUST005472,Billing Dispute,Low,08-12-2026,Pending Review,22-09-2026
CMP02255,CUST008365,Billing Dispute,Low,15-06-2022,Resolved,30-06-2022
CMP02256,CUST010851,Card Damaged,Low,13-12-2022,Resolved,01-01-2023
CMP02257,CUST009129,Fraudulent Charge,Low,17-01-2023,Resolved,08-02-2023
CMP02258,CUST005917,Billing Dispute,Low,05-05-2024,Escalated,Low
CMP02259,CUST004908,Billing Dispute,Low,10-01-2022,In Progress,Low
CMP02260,CUST014198,Late Fee Dispute,Low,24-03-2022,Resolved,12-04-2022
CMP02261,CUST014310,App Not Working,Low,14-01-2025,Open,26-01-2025
CMP02262,CUST000247,Billing Dispute,Low,05-03-2024,Resolved,16-08-2023
CMP02263,CUST014197,Statement Error,Low,05-09-2025,Open,16-08-2023
CMP02264,CUST003940,App Not Working,Low,24-03-2022,Open,04-01-2022
CMP02265,CUST000958,App Not Working,High,13-01-2023,Open,21-01-2023
CMP02266,CUST010087,Billing Dispute,High,16-01-2024,Resolved,17-01-2024
CMP02267,CUST006382,Fraudulent Charge,High,17-06-2026,Resolved,31-07-2026
CMP02268,CUST009993,Card Not Received,High,29-08-2025,Escalated,16-08-2023
CMP02269,CUST004821,Card Not Received,Low,22-07-2023,Open,25-08-2023
CMP02270,CUST002361,Card Damaged,Medium,29-07-2025,Resolved,02-09-2025
CMP02271,CUST013969,Interest Rate Query,Critical,29-08-2025,Open,10-10-2025
CMP02272,CUST000968,App Not Working,Low,19-11-2024,Resolved,18-12-2024
CMP02273,CUST004660,Interest Rate Query,High,07-01-2024,Closed,07-02-2024
CMP02274,CUST004747,Card Not Received,Low,06-12-2022,Resolved,07-12-2022
CMP02275,CUST011910,Interest Rate Query,Low,13-04-2022,Closed,15-05-2022
CMP02276,CUST009748,App Not Working,Low,20-06-2025,Escalated,07-11-2025
CMP02277,CUST010014,Interest Rate Query,High,16-07-2026,In Progress,21-07-2026
CMP02278,CUST001381,Wrong Amount Charged,Medium,17-05-2024,Escalated,26-05-2024
CMP02279,CUST014882,App Not Working,High,02-09-2024,In Progress,16-08-2023
CMP02280,CUST013644,Reward Points Missing,High,02-04-2025,Resolved,24-04-2025
CMP02281,CUST007681,Card Damaged,Low,09-04-2025,Pending Review,15-05-2025
CMP02282,CUST009129,Wrong Amount Charged,Medium,11-08-2023,Closed,08-11-2023
CMP02283,CUST003276,Card Damaged,Medium,18-08-2025,Pending Review,16-08-2023
CMP02284,CUST005909,App Not Working,Low,12-09-2022,Pending Review,27-09-2022
CMP02285,CUST000174,Statement Error,Medium,26-10-2024,Open,16-08-2023
CMP02286,CUST013672,Statement Error,Low,04-08-2022,Open,26-08-2022
CMP02287,CUST005242,Late Fee Dispute,Low,17-08-2022,Open,Low
CMP02288,CUST006841,Billing Dispute,High,23-11-2023,Escalated,12-04-2023
CMP02289,CUST001086,Card Not Received,Low,22-02-2024,Open,03-09-2024
CMP02290,CUST011094,Wrong Amount Charged,Low,21-04-2023,Escalated,30-04-2023
CMP02291,CUST010109,Card Damaged,Critical,10-09-2022,Open,10-09-2022
CMP02292,CUST000389,Wrong Amount Charged,High,06-01-2026,In Progress,22-06-2026
CMP02293,CUST012432,Billing Dispute,Low,02-01-2024,Pending Review,03-09-2024
CMP02294,CUST001897,Fraudulent Charge,Medium,05-11-2022,Pending Review,12-09-2022
CMP02295,CUST003318,Billing Dispute,Medium,20-04-2023,In Progress,05-07-2023
CMP02296,CUST012852,Wrong Amount Charged,Low,24-02-2026,Open,Low
CMP02297,CUST011157,Late Fee Dispute,Medium,13-08-2024,Resolved,17-09-2024
CMP02298,CUST010832,Billing Dispute,High,27-12-2022,Escalated,16-08-2023
CMP02299,CUST003245,Wrong Amount Charged,Low,09-08-2026,Open,15-09-2026
CMP02300,CUST007022,Wrong Amount Charged,Low,21-01-2023,Open,24-01-2023
CMP02301,CUST005192,Fraudulent Charge,Low,30-04-2022,Pending Review,08-06-2022
CMP02302,CUST011873,Fraudulent Charge,Low,02-04-2022,Pending Review,15-03-2022
CMP02303,CUST010054,Reward Points Missing,Low,05-04-2026,Pending Review,05-07-2026
CMP02304,CUST003757,Fraudulent Charge,Low,12-07-2022,Closed,09-08-2022
CMP02305,CUST002967,Card Not Received,Low,08-09-2022,Closed,02-09-2022
CMP02306,CUST007882,Late Fee Dispute,High,08-07-2022,Resolved,08-10-2022
CMP02307,CUST002631,Card Not Received,Medium,24-07-2026,Resolved,02-09-2026
CMP02308,CUST008802,Late Fee Dispute,Low,27-01-2023,Open,13-02-2023
CMP02309,CUST001424,Billing Dispute,Low,05-01-2024,Escalated,16-08-2023
CMP02310,CUST012350,Fraudulent Charge,Low,12-06-2022,Pending Review,16-08-2023
CMP02311,CUST013326,App Not Working,Medium,23-11-2023,Closed,16-08-2023
CMP02312,CUST013751,Card Damaged,Medium,26-04-2024,Pending Review,26-05-2024
CMP02313,CUST004179,Interest Rate Query,Medium,12-01-2025,Resolved,25-12-2025
CMP02314,CUST002166,Reward Points Missing,High,28-05-2024,Closed,04-06-2024
CMP02315,CUST011689,Card Damaged,High,02-06-2026,In Progress,16-08-2023
CMP02316,CUST003635,Reward Points Missing,Critical,30-12-2023,Open,16-08-2023
CMP02317,CUST012152,Card Not Received,High,02-04-2022,Pending Review,02-09-2022
CMP02318,CUST008976,Wrong Amount Charged,Critical,17-01-2022,Open,06-02-2022
CMP02319,CUST002631,Interest Rate Query,High,12-09-2022,Escalated,01-09-2023
CMP02320,CUST009270,Fraudulent Charge,Low,25-12-2022,Open,18-01-2023
CMP02321,CUST013895,Statement Error,Medium,18-05-2022,Pending Review,06-12-2022
CMP02322,CUST012561,Billing Dispute,Medium,24-05-2023,Escalated,28-05-2023
CMP02323,CUST003159,Wrong Amount Charged,Low,01-05-2023,Open,16-08-2023
CMP02324,CUST001862,Reward Points Missing,Critical,12-05-2025,Open,23-05-2025
CMP02325,CUST000065,Late Fee Dispute,Low,01-02-2024,Escalated,17-02-2024
CMP02326,CUST007242,Interest Rate Query,Critical,19-10-2023,Closed,01-12-2023
CMP02327,CUST001346,Statement Error,Critical,02-04-2023,Pending Review,05-06-2023
CMP02328,CUST012815,Statement Error,Medium,28-11-2023,Open,26-12-2023
CMP02329,CUST008374,Wrong Amount Charged,Critical,19-11-2023,In Progress,30-11-2023
CMP02330,CUST003909,Reward Points Missing,Medium,11-03-2024,Pending Review,17-03-2024
CMP02331,CUST012056,Reward Points Missing,Medium,15-11-2025,Closed,16-08-2023
CMP02332,CUST010953,Card Not Received,Low,27-03-2026,Resolved,24-04-2026
CMP02333,CUST001361,Fraudulent Charge,Medium,27-06-2022,Pending Review,20-07-2022
CMP02334,CUST011245,Late Fee Dispute,Critical,25-07-2023,Escalated,28-07-2023
CMP02335,CUST001574,Wrong Amount Charged,High,07-12-2025,Closed,12-11-2025
CMP02336,CUST011532,App Not Working,Medium,05-01-2024,Closed,08-06-2024
CMP02337,CUST010492,Interest Rate Query,Low,23-04-2025,In Progress,29-04-2025
CMP02338,CUST001559,App Not Working,Low,30-11-2025,Resolved,27-12-2025
CMP02339,CUST000727,Card Damaged,Low,29-02-2024,Escalated,14-03-2024
CMP02340,CUST000329,Billing Dispute,Medium,03-06-2025,Escalated,11-04-2025
CMP02341,CUST012735,Card Not Received,Medium,01-12-2025,In Progress,20-02-2025
CMP02342,CUST012219,Card Damaged,Low,30-03-2023,Resolved,01-04-2023
CMP02343,CUST001352,Statement Error,Low,04-08-2023,In Progress,17-04-2023
CMP02344,CUST009002,Reward Points Missing,Low,14-07-2026,Escalated,16-07-2026
CMP02345,CUST004657,Card Damaged,Medium,05-03-2024,Pending Review,10-03-2024
CMP02346,CUST004599,Statement Error,Low,23-05-2025,In Progress,30-05-2025
CMP02347,CUST000932,Interest Rate Query,High,09-06-2023,Open,24-09-2023
CMP02348,CUST001644,Reward Points Missing,Medium,21-09-2022,In Progress,26-10-2022
CMP02349,CUST000868,Late Fee Dispute,Critical,07-01-2026,Resolved,16-08-2023
CMP02350,CUST005613,Reward Points Missing,High,17-03-2025,Resolved,04-10-2025
CMP02351,CUST012068,Interest Rate Query,Low,10-06-2025,Open,16-08-2023
CMP02352,CUST002595,Wrong Amount Charged,Critical,24-05-2023,In Progress,30-06-2023
CMP02353,CUST013149,Fraudulent Charge,Critical,23-04-2025,Closed,29-05-2025
CMP02354,CUST014481,Interest Rate Query,High,25-05-2025,Escalated,16-08-2023
CMP02355,CUST005599,Card Damaged,Medium,15-12-2025,Resolved,26-12-2025
CMP02356,CUST006563,Billing Dispute,High,13-09-2025,Closed,16-09-2025
CMP02357,CUST004180,App Not Working,Low,08-11-2022,Resolved,15-09-2022
CMP02358,CUST008251,Late Fee Dispute,Low,13-03-2023,Closed,04-04-2023
CMP02359,CUST004732,Interest Rate Query,Low,15-05-2026,Open,16-08-2023
CMP02360,CUST001025,Card Not Received,Critical,27-12-2022,Open,02-02-2023
CMP02361,CUST007244,App Not Working,Medium,13-02-2024,Resolved,21-03-2024
CMP02362,CUST006934,Statement Error,High,12-06-2022,Escalated,17-01-2023
CMP02363,CUST000170,Card Not Received,Low,20-03-2023,In Progress,06-04-2023
CMP02364,CUST007594,Fraudulent Charge,Low,27-06-2023,Escalated,10-08-2023
CMP02365,CUST009611,Wrong Amount Charged,Low,05-09-2023,In Progress,21-06-2023
CMP02366,CUST011701,App Not Working,Low,16-12-2024,Escalated,16-01-2025
CMP02367,CUST014493,Card Damaged,Critical,18-03-2023,Closed,22-04-2023
CMP02368,CUST001608,Statement Error,Low,12-10-2024,Pending Review,26-10-2024
CMP02369,CUST012578,Fraudulent Charge,Medium,05-03-2023,Open,04-06-2023
CMP02370,CUST012611,Wrong Amount Charged,Medium,09-08-2024,Resolved,10-07-2024
CMP02371,CUST004139,Wrong Amount Charged,Critical,11-04-2025,Escalated,28-04-2025
CMP02372,CUST009195,Billing Dispute,High,08-05-2024,Resolved,06-02-2024
CMP02373,CUST004833,App Not Working,Critical,18-05-2022,Resolved,10-06-2022
CMP02374,CUST001051,Interest Rate Query,High,26-08-2024,Closed,09-02-2024
CMP02375,CUST009103,Card Damaged,Medium,08-04-2024,Resolved,09-05-2024
CMP02376,CUST012226,Late Fee Dispute,Medium,16-02-2022,In Progress,25-02-2022
CMP02377,CUST005301,Late Fee Dispute,Medium,26-11-2024,Resolved,28-11-2024
CMP02378,CUST000675,Reward Points Missing,Low,14-09-2024,Escalated,17-10-2024
CMP02379,CUST001860,Card Not Received,Medium,19-06-2022,Escalated,07-01-2022
CMP02380,CUST012559,Fraudulent Charge,Low,20-11-2024,Closed,23-12-2024
CMP02381,CUST014920,App Not Working,Medium,03-03-2025,Closed,27-03-2025
CMP02382,CUST012882,Card Damaged,Low,04-07-2022,Resolved,22-04-2022
CMP02383,CUST003688,Late Fee Dispute,Medium,12-07-2022,In Progress,19-08-2022
CMP02384,CUST010167,Card Not Received,High,10-09-2023,Resolved,16-08-2023
CMP02385,CUST007625,Billing Dispute,Low,19-06-2022,In Progress,10-07-2022
CMP02386,CUST013867,Wrong Amount Charged,High,18-04-2025,Open,20-04-2025
CMP02387,CUST008618,App Not Working,Low,03-07-2023,Escalated,14-03-2023
CMP02388,CUST001593,Card Not Received,High,30-07-2024,Resolved,05-09-2024
CMP02389,CUST011768,Billing Dispute,High,28-12-2023,Open,16-08-2023
CMP02390,CUST011552,Reward Points Missing,Low,10-01-2024,Resolved,16-02-2024
CMP02391,CUST013111,App Not Working,High,12-07-2025,Open,05-08-2025
CMP02392,CUST012106,Card Damaged,Low,18-04-2025,Resolved,16-08-2023
CMP02393,CUST001793,Late Fee Dispute,High,04-11-2025,In Progress,16-08-2023
CMP02394,CUST014320,Billing Dispute,Medium,05-06-2022,Escalated,17-06-2022
CMP02395,CUST012648,Card Not Received,High,23-04-2022,Closed,27-05-2022
CMP02396,CUST011052,Billing Dispute,Medium,31-03-2025,Open,16-08-2023
CMP02397,CUST010816,Statement Error,Low,19-08-2024,In Progress,16-09-2024
CMP02398,CUST003145,Fraudulent Charge,High,20-06-2022,Resolved,16-07-2022
CMP02399,CUST001559,Interest Rate Query,Low,09-02-2025,Resolved,05-03-2025
CMP02400,CUST004006,Billing Dispute,High,17-09-2023,In Progress,10-11-2023
CMP02401,CUST010684,Late Fee Dispute,High,03-12-2025,Pending Review,05-12-2025
CMP02402,CUST010060,Billing Dispute,High,16-06-2025,Closed,27-07-2025
CMP02403,CUST008368,Card Damaged,Critical,23-02-2025,Resolved,11-03-2025
CMP02404,CUST011983,Fraudulent Charge,Critical,16-05-2023,Open,06-02-2023
CMP02405,CUST010408,Card Not Received,High,26-03-2023,Pending Review,16-08-2023
CMP02406,CUST002805,Reward Points Missing,Low,29-10-2024,Escalated,06-11-2024
CMP02407,CUST006993,Reward Points Missing,High,11-06-2024,Closed,10-11-2024
CMP02408,CUST001425,Interest Rate Query,Critical,31-12-2022,Pending Review,12-02-2023
CMP02409,CUST008697,Wrong Amount Charged,High,18-01-2022,Escalated,18-02-2022
CMP02410,CUST002824,Billing Dispute,Low,14-12-2025,Pending Review,16-12-2025
CMP02411,CUST010991,Late Fee Dispute,Medium,16-06-2025,Open,07-11-2025
CMP02412,CUST002301,Card Not Received,Low,23-10-2025,In Progress,04-11-2025
CMP02413,CUST003134,Card Not Received,Critical,21-10-2023,Resolved,09-11-2023
CMP02414,CUST002859,App Not Working,Low,28-02-2022,Open,20-03-2022
CMP02415,CUST004767,Interest Rate Query,Critical,24-06-2023,Pending Review,24-07-2023
CMP02416,CUST003351,Wrong Amount Charged,Medium,06-03-2022,Pending Review,16-08-2023
CMP02417,CUST007349,Interest Rate Query,Low,21-01-2022,Closed,Low
CMP02418,CUST002409,Fraudulent Charge,Medium,17-08-2026,Open,22-09-2026
CMP02419,CUST005353,Late Fee Dispute,Low,24-12-2024,Pending Review,15-01-2025
CMP02420,CUST010065,Card Not Received,Low,22-04-2025,Open,21-05-2025
CMP02421,CUST014214,Billing Dispute,Low,08-10-2024,Escalated,15-11-2024
CMP02422,CUST014131,Billing Dispute,Medium,17-03-2022,Pending Review,15-04-2022
CMP02423,CUST013944,Billing Dispute,Low,30-07-2023,Open,21-08-2023
CMP02424,CUST014727,Reward Points Missing,Medium,01-04-2023,Pending Review,13-01-2023
CMP02425,CUST003532,Billing Dispute,High,16-09-2023,In Progress,16-08-2023
CMP02426,CUST010422,Card Damaged,Low,10-12-2022,Resolved,13-10-2022
CMP02427,CUST003471,Interest Rate Query,Medium,21-01-2025,Resolved,15-02-2025
CMP02428,CUST005801,Statement Error,Low,31-12-2022,Open,15-01-2023
CMP02429,CUST008812,Wrong Amount Charged,High,20-01-2023,Open,21-02-2023
CMP02430,CUST000453,App Not Working,Low,24-04-2023,Pending Review,31-05-2023
CMP02431,CUST010580,Statement Error,Critical,30-04-2026,Escalated,18-05-2026
CMP02432,CUST014177,Statement Error,Low,04-09-2022,In Progress,22-04-2022
CMP02433,CUST006223,Fraudulent Charge,Critical,05-08-2026,Closed,18-08-2026
CMP02434,CUST000999,Card Not Received,Medium,30-05-2023,Escalated,15-06-2023
CMP02435,CUST008028,Late Fee Dispute,High,14-12-2025,Resolved,01-03-2026
CMP02436,CUST012006,Late Fee Dispute,Critical,02-04-2024,Resolved,23-02-2024
CMP02437,CUST013032,Fraudulent Charge,Low,18-02-2022,In Progress,02-04-2022
CMP02438,CUST006457,Fraudulent Charge,Medium,19-07-2022,Closed,29-07-2022
CMP02439,CUST010595,Fraudulent Charge,Medium,01-09-2022,Resolved,16-08-2023
CMP02440,CUST006506,Fraudulent Charge,Low,09-04-2025,Escalated,09-05-2025
CMP02441,CUST000468,App Not Working,Low,08-09-2024,Closed,29-08-2024
CMP02442,CUST008539,Late Fee Dispute,High,11-10-2025,Escalated,19-12-2025
CMP02443,CUST007446,Card Not Received,Low,31-08-2024,Open,24-09-2024
CMP02444,CUST001040,App Not Working,Low,27-02-2025,Resolved,04-08-2025
CMP02445,CUST009013,Wrong Amount Charged,Medium,07-06-2026,Open,27-07-2026
CMP02446,CUST012340,App Not Working,Low,03-06-2022,Pending Review,16-08-2023
CMP02447,CUST010866,Interest Rate Query,Medium,04-03-2022,Resolved,05-05-2022
CMP02448,CUST002467,Fraudulent Charge,Critical,07-07-2024,In Progress,18-07-2024
CMP02449,CUST014418,Wrong Amount Charged,Critical,22-06-2026,Resolved,18-07-2026
CMP02450,CUST003549,Interest Rate Query,High,24-11-2024,Pending Review,26-12-2024
CMP02451,CUST005174,Billing Dispute,Critical,18-09-2023,Closed,21-09-2023
CMP02452,CUST011524,Interest Rate Query,Medium,01-01-2022,In Progress,01-06-2022
CMP02453,CUST000928,Interest Rate Query,High,21-04-2025,Escalated,05-10-2025
CMP02454,CUST006871,Card Damaged,Low,25-02-2024,Open,15-03-2024
CMP02455,CUST010100,Reward Points Missing,Critical,25-01-2025,Open,16-02-2025
CMP02456,CUST010019,App Not Working,Low,23-11-2022,Closed,30-11-2022
CMP02457,CUST003784,Card Damaged,Medium,10-10-2024,Closed,08-11-2024
CMP02458,CUST008669,App Not Working,High,05-03-2026,Open,06-05-2026
CMP02459,CUST013560,Interest Rate Query,Medium,05-07-2025,Resolved,08-09-2025
CMP02460,CUST012777,Card Damaged,High,03-06-2025,Open,16-08-2023
CMP02461,CUST009183,Fraudulent Charge,Low,29-01-2026,Open,02-09-2026
CMP02462,CUST002417,Reward Points Missing,Medium,29-09-2022,In Progress,16-08-2023
CMP02463,CUST007414,Billing Dispute,Low,19-05-2025,Escalated,25-06-2025
CMP02464,CUST011917,Billing Dispute,Low,20-01-2024,Closed,25-01-2024
CMP02465,CUST010324,Fraudulent Charge,Critical,29-06-2026,Closed,16-08-2023
CMP02466,CUST002619,Wrong Amount Charged,Low,25-12-2024,Pending Review,02-07-2025
CMP02467,CUST009362,Fraudulent Charge,Medium,10-06-2025,Closed,16-07-2025
CMP02468,CUST000340,Card Not Received,Medium,28-01-2026,In Progress,26-02-2026
CMP02469,CUST011705,Billing Dispute,Low,18-05-2022,Pending Review,25-06-2022
CMP02470,CUST008282,Fraudulent Charge,Medium,15-10-2024,Open,18-11-2024
CMP02471,CUST007978,Late Fee Dispute,Low,30-05-2025,Closed,07-06-2025
CMP02472,CUST011786,Statement Error,High,02-02-2022,Pending Review,02-10-2022
CMP02473,CUST012390,Fraudulent Charge,Low,27-02-2024,Open,03-10-2024
CMP02474,CUST002176,Card Damaged,High,26-04-2026,Resolved,30-04-2026
CMP02475,CUST012778,Interest Rate Query,Low,15-08-2026,Open,29-08-2026
CMP02476,CUST002633,Interest Rate Query,Medium,14-02-2025,Open,31-03-2025
CMP02477,CUST006428,Statement Error,Medium,19-12-2023,Escalated,16-08-2023
CMP02478,CUST005840,App Not Working,Medium,30-06-2022,In Progress,08-06-2022
CMP02479,CUST011684,App Not Working,Low,23-10-2025,Pending Review,28-11-2025
CMP02480,CUST001211,Late Fee Dispute,Critical,01-12-2024,Open,13-01-2025
CMP02481,CUST006493,Interest Rate Query,Low,11-12-2024,Resolved,30-11-2024
CMP02482,CUST001379,Late Fee Dispute,Low,06-03-2026,Resolved,07-01-2026
CMP02483,CUST004720,Interest Rate Query,Medium,30-05-2026,In Progress,14-06-2026
CMP02484,CUST011082,App Not Working,Critical,11-02-2025,Closed,16-08-2023
CMP02485,CUST007051,Card Not Received,Low,11-08-2023,Resolved,15-12-2023
CMP02486,CUST010740,Card Damaged,High,15-07-2025,Pending Review,26-07-2025
CMP02487,CUST012936,Card Not Received,Low,01-05-2022,Pending Review,11-06-2022
CMP02488,CUST007407,Interest Rate Query,Low,21-03-2023,Open,23-04-2023
CMP02489,CUST002129,Interest Rate Query,Medium,19-04-2026,Closed,19-05-2026
CMP02490,CUST013330,Statement Error,High,16-02-2023,Pending Review,16-08-2023
CMP02491,CUST008317,App Not Working,Medium,10-04-2025,Resolved,16-08-2023
CMP02492,CUST014907,App Not Working,High,12-02-2024,Resolved,26-02-2024
CMP02493,CUST000427,Statement Error,Low,21-04-2025,Pending Review,28-04-2025
CMP02494,CUST011529,Billing Dispute,Low,29-03-2026,Pending Review,04-12-2026
CMP02495,CUST014526,Card Damaged,Critical,07-10-2023,Open,08-02-2023
CMP02496,CUST006411,Late Fee Dispute,High,08-03-2026,Escalated,04-01-2026
CMP02497,CUST007016,Reward Points Missing,Critical,28-04-2025,Open,16-08-2023
CMP02498,CUST001783,Card Not Received,High,01-01-2026,Resolved,18-01-2026
CMP02499,CUST009855,Card Damaged,Medium,24-06-2023,Pending Review,24-07-2023
CMP02500,CUST004914,Card Not Received,Critical,28-06-2025,Escalated,29-06-2025
CMP02501,CUST001776,Billing Dispute,Medium,29-01-2026,Resolved,13-02-2026
CMP02502,CUST011772,Interest Rate Query,High,17-08-2025,Open,16-08-2023
CMP02503,CUST004829,Reward Points Missing,High,11-02-2025,In Progress,16-08-2023
CMP02504,CUST000132,Interest Rate Query,High,18-03-2024,Escalated,28-03-2024
CMP02505,CUST010583,Billing Dispute,Low,24-06-2022,Resolved,07-10-2022
CMP02506,CUST009941,Reward Points Missing,Low,01-11-2025,Open,22-02-2025
CMP02507,CUST006163,Reward Points Missing,Medium,02-09-2022,In Progress,16-08-2023
CMP02508,CUST012833,Interest Rate Query,High,03-05-2022,Pending Review,16-08-2023
CMP02509,CUST002686,App Not Working,Critical,28-02-2025,Escalated,10-04-2025
CMP02510,CUST003093,Statement Error,Low,01-12-2026,Resolved,Low
CMP02511,CUST012917,Late Fee Dispute,Critical,13-01-2023,Closed,23-02-2023
CMP02512,CUST001820,Interest Rate Query,High,29-11-2025,Open,16-08-2023
CMP02513,CUST011704,App Not Working,Low,29-01-2024,Escalated,15-02-2024
CMP02514,CUST002214,Reward Points Missing,Low,29-09-2022,In Progress,30-10-2022
CMP02515,CUST008176,Fraudulent Charge,Low,27-06-2024,Open,24-07-2024
CMP02516,CUST009649,App Not Working,Medium,06-08-2024,Pending Review,16-08-2023
CMP02517,CUST009722,Wrong Amount Charged,Low,21-05-2022,Open,16-08-2023
CMP02518,CUST001433,Billing Dispute,Low,30-01-2025,Open,03-11-2025
CMP02519,CUST002575,Card Damaged,High,24-01-2024,Resolved,02-10-2024
CMP02520,CUST010142,Late Fee Dispute,Low,17-01-2025,Resolved,26-02-2025
CMP02521,CUST010833,Fraudulent Charge,High,12-12-2023,Closed,30-12-2023
CMP02522,CUST013141,Card Damaged,High,17-12-2025,Resolved,28-01-2026
CMP02523,CUST009542,Card Not Received,Medium,23-07-2024,Pending Review,30-08-2024
CMP02524,CUST003351,Fraudulent Charge,High,06-04-2022,Resolved,04-11-2022
CMP02525,CUST001839,Fraudulent Charge,Low,23-07-2026,Escalated,09-04-2026
CMP02526,CUST002021,Interest Rate Query,Critical,21-07-2026,Closed,13-08-2026
CMP02527,CUST004444,Wrong Amount Charged,Critical,07-09-2025,Open,16-08-2023
CMP02528,CUST004877,Card Not Received,Medium,05-05-2022,Pending Review,16-05-2022
CMP02529,CUST008263,App Not Working,High,01-11-2023,Pending Review,27-11-2023
CMP02530,CUST005337,Reward Points Missing,Medium,24-10-2025,Escalated,07-11-2025
CMP02531,CUST014057,Wrong Amount Charged,Medium,18-02-2023,Resolved,20-03-2023
CMP02532,CUST009833,Billing Dispute,Low,09-03-2022,Resolved,16-08-2023
CMP02533,CUST004149,Card Not Received,Low,26-03-2026,Resolved,Low
CMP02534,CUST010174,Statement Error,Medium,30-05-2022,Resolved,16-08-2023
CMP02535,CUST008907,Late Fee Dispute,High,18-10-2022,Resolved,11-10-2022
CMP02536,CUST014551,Reward Points Missing,Low,30-10-2022,Resolved,12-01-2022
CMP02537,CUST014341,Reward Points Missing,Critical,22-05-2026,Pending Review,16-06-2026
CMP02538,CUST006449,Billing Dispute,Critical,30-04-2026,Resolved,05-06-2026
CMP02539,CUST014205,App Not Working,Medium,03-06-2022,Pending Review,16-07-2022
CMP02540,CUST013976,Card Not Received,Low,25-03-2025,Open,05-02-2025
CMP02541,CUST000128,Card Not Received,Critical,02-08-2025,Closed,20-02-2025
CMP02542,CUST004918,Reward Points Missing,Low,05-01-2023,Resolved,16-08-2023
CMP02543,CUST000825,Late Fee Dispute,Low,10-01-2022,Closed,15-02-2022
CMP02544,CUST011311,Billing Dispute,Critical,02-12-2022,Resolved,22-03-2022
CMP02545,CUST003133,Fraudulent Charge,Low,24-03-2022,Open,04-02-2022
CMP02546,CUST011088,App Not Working,Low,13-02-2022,Resolved,18-03-2022
CMP02547,CUST014130,Interest Rate Query,Low,21-01-2025,Resolved,07-03-2025
CMP02548,CUST006689,Billing Dispute,Low,14-03-2026,Resolved,16-04-2026
CMP02549,CUST001347,Interest Rate Query,Critical,30-10-2024,Open,12-12-2024
CMP02550,CUST004561,Card Damaged,Low,02-06-2025,Open,19-03-2025
CMP02551,CUST000918,Fraudulent Charge,Low,15-10-2025,Closed,24-10-2025
CMP02552,CUST006899,Fraudulent Charge,High,23-03-2024,Escalated,04-05-2024
CMP02553,CUST002229,Statement Error,High,17-05-2026,Resolved,06-11-2026
CMP02554,CUST014872,Interest Rate Query,Critical,04-08-2025,Open,07-05-2025
CMP02555,CUST014041,Statement Error,Medium,14-04-2026,Open,28-05-2026
CMP02556,CUST012779,Card Not Received,Low,11-12-2023,Closed,27-12-2023
CMP02557,CUST001880,Interest Rate Query,Low,06-04-2022,Escalated,08-05-2022
CMP02558,CUST006128,Fraudulent Charge,Low,20-09-2023,Resolved,24-10-2023
CMP02559,CUST002277,Reward Points Missing,Low,27-08-2024,Pending Review,12-09-2024
CMP02560,CUST002549,Late Fee Dispute,Low,15-01-2025,Open,Low
CMP02561,CUST012650,Reward Points Missing,Medium,02-01-2024,Open,13-01-2024
CMP02562,CUST010990,App Not Working,High,14-06-2022,In Progress,16-08-2023
CMP02563,CUST011774,App Not Working,High,30-08-2025,Closed,17-09-2025
CMP02564,CUST006457,Interest Rate Query,High,08-01-2026,Closed,16-08-2023
CMP02565,CUST014177,Reward Points Missing,Low,27-04-2026,In Progress,16-08-2023
CMP02566,CUST010693,Interest Rate Query,Critical,29-04-2023,Pending Review,27-05-2023
CMP02567,CUST001793,Late Fee Dispute,Low,23-05-2022,In Progress,02-07-2022
CMP02568,CUST003323,Card Damaged,Low,21-06-2025,Resolved,08-04-2025
CMP02569,CUST009742,Card Not Received,High,27-10-2023,Pending Review,16-08-2023
CMP02570,CUST004498,Card Damaged,Critical,08-01-2023,Closed,12-08-2023
CMP02571,CUST003229,Reward Points Missing,Medium,07-03-2022,Resolved,07-07-2022
CMP02572,CUST013223,Card Damaged,High,26-11-2024,Resolved,19-12-2024
CMP02573,CUST008557,Wrong Amount Charged,Low,02-10-2024,Open,04-03-2024
CMP02574,CUST008503,App Not Working,Medium,25-10-2025,Resolved,06-11-2025
CMP02575,CUST006122,Statement Error,Low,16-03-2026,Open,04-03-2026
CMP02576,CUST004344,Interest Rate Query,High,30-03-2023,In Progress,24-04-2023
CMP02577,CUST001699,Card Damaged,Critical,08-08-2024,Escalated,22-08-2024
CMP02578,CUST007493,Interest Rate Query,Critical,19-01-2026,Closed,20-02-2026
CMP02579,CUST003645,App Not Working,Medium,02-12-2026,Closed,23-02-2026
CMP02580,CUST006445,App Not Working,High,10-02-2025,Closed,26-03-2025
CMP02581,CUST001353,Statement Error,High,27-03-2023,Escalated,17-04-2023
CMP02582,CUST006223,Interest Rate Query,Low,14-03-2022,Closed,30-03-2022
CMP02583,CUST007516,Reward Points Missing,Low,12-12-2023,Pending Review,21-01-2024
CMP02584,CUST008357,Card Not Received,Medium,26-04-2024,Resolved,16-08-2023
CMP02585,CUST008085,Statement Error,Critical,01-12-2025,Resolved,13-02-2025
CMP02586,CUST014082,App Not Working,Medium,11-04-2026,In Progress,13-05-2026
CMP02587,CUST007162,App Not Working,Low,13-10-2024,Escalated,25-11-2024
CMP02588,CUST003939,Card Not Received,Critical,11-03-2023,In Progress,10-04-2023
CMP02589,CUST013954,Card Damaged,Critical,29-10-2025,Open,12-04-2025
CMP02590,CUST004273,Fraudulent Charge,Low,02-05-2025,Open,03-01-2025
CMP02591,CUST014020,Fraudulent Charge,Critical,19-03-2025,Resolved,20-04-2025
CMP02592,CUST005053,Reward Points Missing,High,18-02-2024,Open,05-03-2024
CMP02593,CUST014114,Billing Dispute,High,27-01-2024,Escalated,10-02-2024
CMP02594,CUST013226,Card Damaged,Low,13-08-2025,Resolved,01-09-2025
CMP02595,CUST002272,Reward Points Missing,Medium,30-08-2024,Resolved,23-09-2024
CMP02596,CUST005094,Reward Points Missing,Critical,17-05-2026,Closed,06-12-2026
CMP02597,CUST014470,Card Damaged,High,17-11-2022,Open,16-12-2022
CMP02598,CUST004887,Statement Error,Low,02-04-2023,Escalated,30-04-2023
CMP02599,CUST012557,Statement Error,Medium,02-02-2022,Open,16-08-2023
CMP02600,CUST000481,Wrong Amount Charged,Medium,17-09-2025,Open,16-08-2023
CMP02601,CUST010363,Fraudulent Charge,High,10-05-2024,Closed,21-05-2024
CMP02602,CUST012607,Wrong Amount Charged,Critical,14-02-2026,Open,04-03-2026
CMP02603,CUST010161,Card Not Received,Medium,20-02-2024,Resolved,19-03-2024
CMP02604,CUST014310,Card Damaged,High,12-04-2024,In Progress,18-04-2024
CMP02605,CUST007127,App Not Working,High,16-05-2025,Pending Review,15-06-2025
CMP02606,CUST014282,App Not Working,Low,30-12-2025,Open,15-01-2026
CMP02607,CUST007477,Billing Dispute,Medium,04-03-2025,Closed,16-08-2023
CMP02608,CUST005027,Fraudulent Charge,Critical,18-09-2025,Escalated,26-09-2025
CMP02609,CUST010954,App Not Working,Low,10-03-2023,Pending Review,24-10-2023
CMP02610,CUST010052,Reward Points Missing,Low,08-05-2023,Resolved,12-08-2023
CMP02611,CUST002282,Statement Error,Medium,16-10-2024,Resolved,19-10-2024
CMP02612,CUST011281,App Not Working,Medium,22-04-2026,In Progress,12-05-2026
CMP02613,CUST006805,Late Fee Dispute,Medium,22-10-2023,Resolved,14-11-2023
CMP02614,CUST013197,Billing Dispute,Low,22-05-2023,Resolved,06-04-2023
CMP02615,CUST014409,Fraudulent Charge,Low,30-07-2026,Escalated,16-08-2023
CMP02616,CUST001548,Reward Points Missing,Low,29-10-2023,Open,08-12-2023
CMP02617,CUST008551,Card Damaged,High,21-04-2022,Resolved,15-05-2022
CMP02618,CUST002034,Billing Dispute,Medium,12-06-2023,Escalated,16-08-2023
CMP02619,CUST005600,Billing Dispute,Low,04-04-2026,Escalated,16-08-2023
CMP02620,CUST007817,Card Not Received,Medium,02-02-2026,Resolved,22-02-2026
CMP02621,CUST005448,Late Fee Dispute,Low,04-09-2022,Closed,15-10-2022
CMP02622,CUST001470,Late Fee Dispute,High,07-10-2025,Open,08-01-2025
CMP02623,CUST014154,Late Fee Dispute,Critical,11-10-2024,Closed,29-11-2024
CMP02624,CUST000135,Statement Error,Critical,12-12-2023,Resolved,16-08-2023
CMP02625,CUST012080,Fraudulent Charge,Low,28-05-2023,Escalated,10-07-2023
CMP02626,CUST005813,Card Damaged,Low,13-06-2022,Resolved,21-06-2022
CMP02627,CUST012716,Wrong Amount Charged,High,24-07-2025,In Progress,26-07-2025
CMP02628,CUST005889,App Not Working,Critical,14-03-2022,Open,27-04-2022
CMP02629,CUST008083,Billing Dispute,High,16-04-2022,Pending Review,31-05-2022
CMP02630,CUST012829,Reward Points Missing,High,13-04-2022,Pending Review,05-02-2022
CMP02631,CUST000181,Card Damaged,High,13-04-2025,Pending Review,01-05-2025
CMP02632,CUST002579,Interest Rate Query,Low,16-02-2022,Escalated,25-03-2022
CMP02633,CUST002480,App Not Working,Medium,26-04-2023,Resolved,31-05-2023
CMP02634,CUST014405,Card Not Received,Low,23-06-2022,Resolved,13-07-2022
CMP02635,CUST005288,Billing Dispute,Critical,29-12-2024,Resolved,31-12-2024
CMP02636,CUST011832,Reward Points Missing,High,21-03-2024,Pending Review,02-04-2024
CMP02637,CUST005755,Fraudulent Charge,High,20-05-2023,Closed,16-08-2023
CMP02638,CUST009704,App Not Working,Low,05-06-2025,Resolved,29-05-2025
CMP02639,CUST001637,Fraudulent Charge,Low,22-11-2022,Open,25-11-2022
CMP02640,CUST011986,Wrong Amount Charged,Low,18-07-2022,In Progress,13-08-2022
CMP02641,CUST005491,App Not Working,High,12-07-2024,Escalated,15-08-2024
CMP02642,CUST014098,Card Not Received,High,24-04-2022,Pending Review,06-01-2022
CMP02643,CUST006437,Reward Points Missing,Low,13-09-2025,Open,30-09-2025
CMP02644,CUST008685,Card Damaged,Medium,11-01-2025,Resolved,16-08-2023
CMP02645,CUST005469,Fraudulent Charge,High,22-02-2024,Resolved,16-08-2023
CMP02646,CUST013751,Fraudulent Charge,Medium,05-10-2024,Pending Review,09-10-2024
CMP02647,CUST003296,Late Fee Dispute,Low,10-04-2024,Pending Review,16-08-2023
CMP02648,CUST002820,Billing Dispute,Low,29-06-2023,Escalated,16-08-2023
CMP02649,CUST007532,Fraudulent Charge,Medium,17-10-2023,Resolved,18-11-2023
CMP02650,CUST002643,Interest Rate Query,Critical,25-01-2023,Open,03-10-2023
CMP02651,CUST014084,Billing Dispute,Critical,17-12-2025,Closed,26-01-2026
CMP02652,CUST014935,Card Damaged,Critical,17-10-2024,Closed,08-11-2024
CMP02653,CUST006751,Interest Rate Query,Critical,23-07-2023,In Progress,25-07-2023
CMP02654,CUST004767,Fraudulent Charge,Critical,23-07-2026,Closed,16-08-2023
CMP02655,CUST000454,Late Fee Dispute,Medium,18-06-2026,Resolved,07-10-2026
CMP02656,CUST014483,Interest Rate Query,Medium,11-07-2025,Resolved,30-11-2025
CMP02657,CUST006591,Interest Rate Query,High,07-06-2023,In Progress,06-08-2023
CMP02658,CUST008066,App Not Working,High,03-07-2026,Pending Review,08-07-2026
CMP02659,CUST003595,Card Not Received,Low,30-07-2026,Open,13-08-2026
CMP02660,CUST002812,Card Not Received,Medium,26-02-2022,Pending Review,16-08-2023
CMP02661,CUST010538,Billing Dispute,Medium,01-02-2025,Resolved,05-01-2025
CMP02662,CUST001799,Card Damaged,High,01-09-2024,Open,17-09-2024
CMP02663,CUST002743,Reward Points Missing,Critical,12-03-2026,Resolved,27-03-2026
CMP02664,CUST013161,Reward Points Missing,High,24-04-2024,Resolved,06-06-2024
CMP02665,CUST007164,Statement Error,High,07-01-2023,Pending Review,16-08-2023
CMP02666,CUST006236,Card Not Received,Medium,06-09-2024,Closed,10-07-2024
CMP02667,CUST014067,Wrong Amount Charged,Medium,06-03-2026,Escalated,16-08-2023
CMP02668,CUST001818,Fraudulent Charge,Medium,19-01-2026,Resolved,16-08-2023
CMP02669,CUST004694,Card Not Received,Low,11-08-2023,Resolved,Low
CMP02670,CUST008738,Card Damaged,High,15-08-2024,Pending Review,24-09-2024
CMP02671,CUST012088,Card Damaged,Medium,17-04-2023,Escalated,30-05-2023
CMP02672,CUST002821,Late Fee Dispute,Medium,07-10-2025,Escalated,16-08-2023
CMP02673,CUST006064,Interest Rate Query,Low,17-05-2023,Pending Review,22-05-2023
CMP02674,CUST001363,Interest Rate Query,Critical,15-04-2026,Closed,20-04-2026
CMP02675,CUST002793,Billing Dispute,Low,20-04-2026,Resolved,26-04-2026
CMP02676,CUST003891,Fraudulent Charge,Low,24-03-2025,Pending Review,31-03-2025
CMP02677,CUST014793,Interest Rate Query,Critical,02-08-2023,Pending Review,13-02-2023
CMP02678,CUST003276,Fraudulent Charge,High,08-06-2023,Open,16-08-2023
CMP02679,CUST012318,Interest Rate Query,Medium,18-05-2025,In Progress,16-08-2023
CMP02680,CUST006006,Late Fee Dispute,Low,31-01-2022,Resolved,Low
CMP02681,CUST004701,Reward Points Missing,Low,29-09-2024,Open,10-11-2024
CMP02682,CUST007327,Statement Error,Critical,19-03-2023,Open,19-04-2023
CMP02683,CUST002451,Interest Rate Query,High,20-06-2024,Resolved,16-08-2023
CMP02684,CUST010597,Reward Points Missing,Medium,06-05-2024,Closed,25-06-2024
CMP02685,CUST001502,App Not Working,High,24-02-2025,Pending Review,16-08-2023
CMP02686,CUST010859,Fraudulent Charge,Medium,25-12-2023,Closed,26-01-2024
CMP02687,CUST008555,Interest Rate Query,Low,21-12-2022,Pending Review,Low
CMP02688,CUST005172,Reward Points Missing,Medium,09-09-2022,Open,17-10-2022
CMP02689,CUST002565,Card Damaged,Critical,03-03-2023,Resolved,23-03-2023
CMP02690,CUST014725,Wrong Amount Charged,High,22-07-2024,Pending Review,09-04-2024
CMP02691,CUST000660,Fraudulent Charge,Low,31-07-2023,Open,02-09-2023
CMP02692,CUST008268,Interest Rate Query,High,26-04-2025,Resolved,06-05-2025
CMP02693,CUST009500,Billing Dispute,High,29-11-2022,In Progress,05-01-2023
CMP02694,CUST013227,Billing Dispute,Medium,24-05-2024,Pending Review,16-08-2023
CMP02695,CUST005152,Wrong Amount Charged,Low,23-12-2024,Open,16-08-2023
CMP02696,CUST011489,App Not Working,Low,18-03-2024,Resolved,14-04-2024
CMP02697,CUST010656,Billing Dispute,Low,02-04-2026,Open,05-05-2026
CMP02698,CUST002875,Late Fee Dispute,Critical,23-04-2026,Open,20-05-2026
CMP02699,CUST006978,Card Damaged,Medium,26-01-2023,Open,16-08-2023
CMP02700,CUST004119,Late Fee Dispute,Medium,20-11-2022,Closed,27-11-2022
CMP02701,CUST006138,Fraudulent Charge,Medium,12-12-2024,Closed,16-08-2023
CMP02702,CUST010784,Reward Points Missing,Critical,21-10-2024,Open,16-08-2023
CMP02703,CUST010887,Interest Rate Query,Critical,28-11-2025,Escalated,12-05-2025
CMP02704,CUST000755,Card Damaged,Low,23-07-2024,Escalated,30-07-2024
CMP02705,CUST000558,Interest Rate Query,Low,13-08-2023,Pending Review,13-08-2023
CMP02706,CUST002513,Wrong Amount Charged,Medium,30-03-2024,Resolved,02-04-2024
CMP02707,CUST010640,Billing Dispute,Low,19-05-2023,Open,23-06-2023
CMP02708,CUST002934,Card Damaged,Critical,24-01-2022,Open,21-02-2022
CMP02709,CUST010012,Interest Rate Query,Medium,06-10-2023,Resolved,16-10-2023
CMP02710,CUST006808,App Not Working,Critical,27-11-2023,Open,01-06-2024
CMP02711,CUST001186,Late Fee Dispute,Medium,17-10-2022,Pending Review,14-11-2022
CMP02712,CUST012279,Late Fee Dispute,Low,21-05-2026,Resolved,23-05-2026
CMP02713,CUST003887,Interest Rate Query,Critical,31-01-2026,Pending Review,16-08-2023
CMP02714,CUST006798,Wrong Amount Charged,High,10-02-2023,In Progress,16-08-2023
CMP02715,CUST003521,Card Damaged,Low,15-05-2024,In Progress,28-05-2024
CMP02716,CUST010121,Card Not Received,Low,01-12-2025,Resolved,15-02-2025
CMP02717,CUST011564,Statement Error,Medium,09-08-2026,Open,11-08-2026
CMP02718,CUST013557,Wrong Amount Charged,Low,27-02-2026,Closed,21-03-2026
CMP02719,CUST001734,Card Not Received,Medium,26-09-2023,Open,10-05-2023
CMP02720,CUST007265,Billing Dispute,Medium,14-09-2025,Closed,13-10-2025
CMP02721,CUST002928,App Not Working,Low,20-03-2022,Resolved,01-05-2022
CMP02722,CUST012521,App Not Working,Low,25-05-2023,Pending Review,21-06-2023
CMP02723,CUST014032,Card Damaged,Medium,22-02-2024,Open,16-08-2023
CMP02724,CUST000679,Interest Rate Query,Critical,28-01-2026,Open,01-02-2026
CMP02725,CUST012738,Wrong Amount Charged,High,29-08-2022,Open,18-09-2022
CMP02726,CUST011635,Card Damaged,High,27-06-2024,Open,05-07-2024
CMP02727,CUST008273,Reward Points Missing,Low,04-10-2024,Pending Review,17-11-2024
CMP02728,CUST001393,Interest Rate Query,High,15-07-2023,Escalated,23-07-2023
CMP02729,CUST002195,Wrong Amount Charged,Medium,30-09-2022,Resolved,15-10-2022
CMP02730,CUST004763,Card Not Received,High,03-07-2024,Resolved,19-03-2024
CMP02731,CUST007776,Late Fee Dispute,High,11-08-2025,Resolved,24-11-2025
CMP02732,CUST003513,Reward Points Missing,Medium,13-04-2025,Open,16-08-2023
CMP02733,CUST012678,Late Fee Dispute,High,29-08-2025,Resolved,02-09-2025
CMP02734,CUST010718,Billing Dispute,High,10-12-2023,Closed,16-11-2023
CMP02735,CUST012184,Billing Dispute,High,01-02-2022,Resolved,15-01-2022
CMP02736,CUST004039,Wrong Amount Charged,Low,14-02-2022,Resolved,31-03-2022
CMP02737,CUST000646,Statement Error,Medium,03-11-2022,Closed,02-12-2022
CMP02738,CUST014351,Late Fee Dispute,Medium,28-02-2025,Resolved,19-03-2025
CMP02739,CUST004477,Wrong Amount Charged,Low,22-08-2024,Closed,28-09-2024
CMP02740,CUST008592,Statement Error,Medium,28-10-2024,Open,17-11-2024
CMP02741,CUST006375,Fraudulent Charge,Low,11-04-2024,Closed,16-08-2023
CMP02742,CUST005993,Billing Dispute,Medium,07-02-2024,Open,30-07-2024
CMP02743,CUST009620,Card Not Received,Low,20-02-2026,Closed,04-02-2026
CMP02744,CUST009811,Card Damaged,Low,01-11-2022,Pending Review,25-02-2022
CMP02745,CUST003019,Reward Points Missing,Low,01-09-2026,Closed,01-12-2026
CMP02746,CUST013475,Billing Dispute,Medium,17-02-2022,Escalated,03-03-2022
CMP02747,CUST013977,Statement Error,Medium,15-02-2024,Closed,28-02-2024
CMP02748,CUST003247,Card Damaged,High,07-06-2022,Escalated,21-07-2022
CMP02749,CUST001723,Fraudulent Charge,High,31-07-2025,Resolved,09-07-2025
CMP02750,CUST008208,Interest Rate Query,High,24-06-2025,In Progress,06-07-2025
CMP02751,CUST009983,Statement Error,High,30-07-2023,Resolved,16-08-2023
CMP02752,CUST008343,Wrong Amount Charged,Critical,08-09-2022,In Progress,16-08-2023
CMP02753,CUST007831,Billing Dispute,Medium,11-06-2023,Open,28-06-2023
CMP02754,CUST011237,Card Damaged,Medium,10-04-2023,Open,29-04-2023
CMP02755,CUST007519,Fraudulent Charge,High,11-08-2022,In Progress,13-08-2022
CMP02756,CUST007667,App Not Working,Medium,28-06-2024,Open,19-07-2024
CMP02757,CUST003457,Reward Points Missing,High,30-03-2025,Closed,04-10-2025
CMP02758,CUST000297,Interest Rate Query,Low,12-11-2023,Pending Review,Low
CMP02759,CUST011202,Late Fee Dispute,Low,27-10-2025,Open,11-02-2025
CMP02760,CUST012715,Card Not Received,Medium,07-01-2023,Resolved,16-02-2023
CMP02761,CUST000296,Fraudulent Charge,Low,27-01-2022,Resolved,21-02-2022
CMP02762,CUST014411,Card Damaged,Medium,24-05-2024,Resolved,28-06-2024
CMP02763,CUST007442,App Not Working,High,14-10-2022,Escalated,24-11-2022
CMP02764,CUST014525,Wrong Amount Charged,Medium,11-10-2024,In Progress,16-08-2023
CMP02765,CUST011237,Wrong Amount Charged,High,15-03-2026,Resolved,16-08-2023
CMP02766,CUST010925,Wrong Amount Charged,High,23-10-2025,Open,14-11-2025
CMP02767,CUST013909,Statement Error,Critical,15-10-2024,Pending Review,16-08-2023
CMP02768,CUST014194,Card Not Received,Medium,05-09-2023,Escalated,06-01-2023
CMP02769,CUST008701,App Not Working,Low,01-09-2022,In Progress,14-10-2022
CMP02770,CUST012218,Billing Dispute,High,27-10-2024,Closed,11-07-2024
CMP02771,CUST012426,Late Fee Dispute,Low,21-08-2023,In Progress,09-02-2023
CMP02772,CUST007029,App Not Working,High,04-03-2022,Open,26-03-2022
CMP02773,CUST006292,Card Not Received,High,21-03-2026,Open,08-04-2026
CMP02774,CUST008339,Late Fee Dispute,High,08-06-2024,Closed,16-08-2023
CMP02775,CUST009439,Wrong Amount Charged,High,27-09-2023,Open,22-10-2023
CMP02776,CUST008143,Statement Error,Low,15-11-2025,Open,29-11-2025
CMP02777,CUST002054,Billing Dispute,Critical,02-03-2023,Escalated,25-02-2023
CMP02778,CUST007850,App Not Working,High,02-12-2023,Pending Review,16-08-2023
CMP02779,CUST007061,Interest Rate Query,Critical,20-12-2022,Resolved,16-08-2023
CMP02780,CUST011338,Late Fee Dispute,Critical,24-11-2025,Escalated,31-12-2025
CMP02781,CUST009143,Statement Error,High,02-03-2025,Open,17-03-2025
CMP02782,CUST011219,Interest Rate Query,Medium,31-08-2025,In Progress,09-08-2025
CMP02783,CUST002962,App Not Working,Low,08-06-2022,Closed,17-07-2022
CMP02784,CUST014594,Late Fee Dispute,High,06-02-2026,Pending Review,16-07-2026
CMP02785,CUST000556,Reward Points Missing,Medium,27-04-2023,Open,16-08-2023
CMP02786,CUST007791,Fraudulent Charge,Medium,16-03-2023,In Progress,16-03-2023
CMP02787,CUST011320,Reward Points Missing,Medium,07-10-2023,Escalated,16-08-2023
CMP02788,CUST012678,Reward Points Missing,Low,24-08-2023,In Progress,Low
CMP02789,CUST001413,Card Not Received,High,01-01-2022,Pending Review,30-01-2022
CMP02790,CUST001588,Late Fee Dispute,Medium,25-08-2022,Resolved,10-09-2022
CMP02791,CUST005772,Fraudulent Charge,High,06-09-2026,Resolved,13-07-2026
CMP02792,CUST001968,Statement Error,Medium,18-03-2025,Open,08-04-2025
CMP02793,CUST009992,App Not Working,Medium,30-08-2024,In Progress,17-09-2024
CMP02794,CUST010920,Card Damaged,Critical,22-07-2025,Pending Review,08-01-2025
CMP02795,CUST009274,Reward Points Missing,High,07-07-2025,Pending Review,16-07-2025
CMP02796,CUST004097,Reward Points Missing,High,11-03-2022,Open,16-08-2023
CMP02797,CUST010762,App Not Working,Critical,09-06-2022,Open,15-07-2022
CMP02798,CUST000064,Fraudulent Charge,High,31-03-2024,Open,24-04-2024
CMP02799,CUST001496,Card Damaged,Medium,31-05-2024,Open,27-06-2024
CMP02800,CUST003909,Reward Points Missing,Low,29-03-2023,Resolved,13-05-2023
CMP02801,CUST006248,Card Not Received,Critical,24-11-2024,Open,01-07-2025
CMP02802,CUST011064,Statement Error,High,12-04-2024,In Progress,23-12-2024
CMP02803,CUST014195,Wrong Amount Charged,High,22-01-2022,Escalated,16-08-2023
CMP02804,CUST001735,Interest Rate Query,Medium,17-07-2022,Resolved,17-08-2022
CMP02805,CUST008917,Interest Rate Query,High,06-12-2024,In Progress,11-01-2025
CMP02806,CUST011287,Fraudulent Charge,Low,08-08-2023,In Progress,16-08-2023
CMP02807,CUST010211,Interest Rate Query,Low,04-11-2022,Open,12-06-2022
CMP02808,CUST012589,Card Not Received,Low,20-02-2022,Open,28-03-2022
CMP02809,CUST010103,Card Not Received,High,17-11-2023,Escalated,24-12-2023
CMP02810,CUST003561,Reward Points Missing,Low,27-12-2025,Resolved,04-01-2026
CMP02811,CUST009245,Fraudulent Charge,Low,06-08-2022,Closed,20-06-2022
CMP02812,CUST012694,Card Not Received,High,17-12-2023,Closed,01-09-2024
CMP02813,CUST001861,Interest Rate Query,Low,12-03-2023,In Progress,21-12-2023
CMP02814,CUST012328,Late Fee Dispute,High,28-02-2026,Resolved,13-03-2026
CMP02815,CUST011132,Wrong Amount Charged,Medium,01-07-2026,Escalated,16-07-2026
CMP02816,CUST012954,Interest Rate Query,High,12-04-2022,Resolved,15-04-2022
CMP02817,CUST012097,Fraudulent Charge,High,13-05-2023,Open,12-06-2023
CMP02818,CUST004198,Billing Dispute,Critical,11-06-2022,Resolved,17-12-2022
CMP02819,CUST003392,Statement Error,High,14-06-2025,In Progress,16-08-2023
CMP02820,CUST007636,Wrong Amount Charged,Medium,29-06-2026,Resolved,13-08-2026
CMP02821,CUST007715,Interest Rate Query,High,12-09-2023,In Progress,16-08-2023
CMP02822,CUST007472,Billing Dispute,High,01-09-2025,Resolved,16-08-2023
CMP02823,CUST009266,Interest Rate Query,Low,12-08-2025,Closed,16-08-2023
CMP02824,CUST009582,Card Damaged,Medium,07-07-2026,Escalated,16-08-2023
CMP02825,CUST013647,Reward Points Missing,Low,15-07-2022,Pending Review,16-08-2023
CMP02826,CUST001924,Billing Dispute,Low,20-07-2026,Resolved,29-08-2026
CMP02827,CUST013141,Statement Error,High,30-07-2024,Resolved,08-11-2024
CMP02828,CUST007648,Statement Error,High,28-06-2024,Pending Review,08-07-2024
CMP02829,CUST006453,Statement Error,Medium,30-08-2024,Escalated,01-09-2024
CMP02830,CUST014472,Billing Dispute,Low,24-06-2026,Resolved,16-07-2026
CMP02831,CUST004232,Interest Rate Query,Low,02-03-2022,Resolved,16-08-2023
CMP02832,CUST013373,App Not Working,Low,11-04-2023,Resolved,16-08-2023
CMP02833,CUST012302,App Not Working,High,19-11-2023,Closed,16-12-2023
CMP02834,CUST010712,Statement Error,High,04-05-2026,Closed,07-05-2026
CMP02835,CUST003497,Interest Rate Query,Low,23-02-2023,In Progress,24-03-2023
CMP02836,CUST014323,Statement Error,High,13-08-2024,Closed,09-10-2024
CMP02837,CUST004302,Reward Points Missing,Medium,19-05-2024,Open,20-06-2024
CMP02838,CUST005737,Late Fee Dispute,Medium,19-02-2025,In Progress,30-03-2025
CMP02839,CUST001075,Card Damaged,Medium,24-10-2024,Resolved,09-11-2024
CMP02840,CUST012923,Statement Error,Medium,08-01-2023,Pending Review,16-08-2023
CMP02841,CUST014018,Billing Dispute,Low,11-03-2025,Resolved,27-11-2025
CMP02842,CUST008358,Card Not Received,Low,11-10-2024,Open,16-08-2023
CMP02843,CUST006656,Card Not Received,Low,22-05-2024,Closed,22-06-2024
CMP02844,CUST000529,Wrong Amount Charged,Low,27-02-2025,In Progress,Low
CMP02845,CUST003594,Fraudulent Charge,Low,27-02-2024,Pending Review,14-03-2024
CMP02846,CUST010506,Fraudulent Charge,High,27-08-2025,Closed,16-08-2023
CMP02847,CUST004090,Card Damaged,Low,20-01-2026,In Progress,23-01-2026
CMP02848,CUST006875,Card Not Received,High,09-03-2024,Closed,23-03-2024
CMP02849,CUST009589,Billing Dispute,Low,12-06-2025,In Progress,27-12-2025
CMP02850,CUST003572,Card Damaged,Low,11-05-2022,In Progress,06-12-2022
CMP02851,CUST009780,App Not Working,Low,29-05-2024,Escalated,26-06-2024
CMP02852,CUST005144,App Not Working,Medium,01-06-2022,Resolved,08-01-2022
CMP02853,CUST010852,Wrong Amount Charged,Low,17-06-2026,In Progress,24-07-2026
CMP02854,CUST009243,Interest Rate Query,Medium,28-05-2026,Escalated,16-08-2023
CMP02855,CUST006106,Fraudulent Charge,Low,10-01-2025,Pending Review,11-11-2025
CMP02856,CUST004710,Interest Rate Query,High,09-08-2023,Resolved,16-08-2023
CMP02857,CUST011507,Fraudulent Charge,High,09-06-2026,In Progress,14-06-2026
CMP02858,CUST000177,Late Fee Dispute,Critical,15-02-2023,Open,15-02-2023
CMP02859,CUST000926,Billing Dispute,Low,13-12-2025,Resolved,16-08-2023
CMP02860,CUST013057,Card Not Received,Low,08-05-2022,Resolved,16-08-2023
CMP02861,CUST014134,Billing Dispute,Low,06-04-2023,Pending Review,07-12-2023
CMP02862,CUST003410,Reward Points Missing,Low,02-12-2025,Open,20-12-2025
CMP02863,CUST001916,Reward Points Missing,Low,07-01-2022,Open,Low
CMP02864,CUST000744,Card Damaged,Critical,30-07-2022,Open,04-09-2022
CMP02865,CUST002334,Card Not Received,Low,10-07-2022,Open,14-08-2022
CMP02866,CUST001224,Billing Dispute,High,10-06-2022,Resolved,16-08-2023
CMP02867,CUST010629,Wrong Amount Charged,High,03-06-2025,Open,16-08-2023
CMP02868,CUST007364,Billing Dispute,Low,10-03-2023,Resolved,10-03-2023
CMP02869,CUST003683,Card Damaged,Critical,05-07-2025,Open,05-07-2025
CMP02870,CUST000282,Wrong Amount Charged,Medium,13-07-2023,Open,19-08-2023
CMP02871,CUST000618,Card Damaged,Critical,30-04-2025,Closed,16-08-2023
CMP02872,CUST011818,Card Damaged,Medium,14-02-2023,Closed,16-08-2023
CMP02873,CUST013183,App Not Working,Low,15-01-2023,Pending Review,16-08-2023
CMP02874,CUST002786,Late Fee Dispute,High,18-05-2025,Resolved,21-06-2025
CMP02875,CUST011563,Card Damaged,High,23-11-2023,Open,29-12-2023
CMP02876,CUST004359,Billing Dispute,Medium,06-02-2025,Closed,15-07-2025
CMP02877,CUST005891,Reward Points Missing,Low,24-04-2022,Pending Review,15-05-2022
CMP02878,CUST005737,Late Fee Dispute,Medium,13-05-2025,Escalated,20-06-2025
CMP02879,CUST001794,App Not Working,Low,14-05-2024,Open,24-06-2024
CMP02880,CUST008568,Card Not Received,Medium,29-10-2023,Open,12-07-2023
CMP02881,CUST011319,Card Not Received,Low,03-09-2024,Resolved,16-08-2023
CMP02882,CUST009784,Card Damaged,Medium,10-10-2023,Open,17-10-2023
CMP02883,CUST009356,Reward Points Missing,Medium,11-09-2022,Pending Review,20-10-2022
CMP02884,CUST014717,Statement Error,Medium,20-09-2022,Resolved,10-06-2022
CMP02885,CUST008499,Card Damaged,Low,21-12-2023,Resolved,30-12-2023
CMP02886,CUST011617,Late Fee Dispute,High,28-04-2025,Open,25-05-2025
CMP02887,CUST012155,Billing Dispute,High,01-01-2024,Escalated,10-02-2024
CMP02888,CUST002790,Statement Error,Medium,10-02-2023,Open,02-10-2023
CMP02889,CUST003911,Card Damaged,Medium,05-01-2022,Resolved,29-01-2022
CMP02890,CUST011836,Statement Error,Medium,07-01-2025,Escalated,18-02-2025
CMP02891,CUST012434,Reward Points Missing,High,06-11-2026,Open,20-06-2026
CMP02892,CUST007609,Interest Rate Query,Low,10-04-2022,Escalated,25-04-2022
CMP02893,CUST001415,Card Damaged,Medium,07-08-2023,Resolved,09-06-2023
CMP02894,CUST002597,App Not Working,Critical,17-06-2022,Pending Review,16-08-2023
CMP02895,CUST005747,Interest Rate Query,Low,24-08-2025,Resolved,28-08-2025
CMP02896,CUST012517,Statement Error,High,28-07-2025,Resolved,22-08-2025
CMP02897,CUST010787,Billing Dispute,Critical,29-01-2023,Pending Review,28-02-2023
CMP02898,CUST013507,Wrong Amount Charged,Low,04-11-2025,In Progress,11-04-2025
CMP02899,CUST014297,Card Not Received,Low,07-07-2026,Escalated,16-08-2026
CMP02900,CUST011795,Reward Points Missing,Critical,07-12-2026,Resolved,13-08-2026
CMP02901,CUST012458,Wrong Amount Charged,Critical,14-11-2025,In Progress,22-12-2025
CMP02902,CUST002633,App Not Working,High,14-07-2023,Escalated,19-07-2023
CMP02903,CUST008766,Card Not Received,Low,08-04-2024,Open,22-08-2024
CMP02904,CUST009576,Late Fee Dispute,Low,14-01-2026,In Progress,Low
CMP02905,CUST004975,Wrong Amount Charged,Low,03-07-2023,Open,20-03-2023
CMP02906,CUST006342,App Not Working,High,31-12-2022,Resolved,16-08-2023
CMP02907,CUST005186,Statement Error,High,17-10-2024,Closed,16-11-2024
CMP02908,CUST012488,Interest Rate Query,High,12-03-2023,Pending Review,16-08-2023
CMP02909,CUST011410,Reward Points Missing,Low,20-05-2024,Closed,24-05-2024
CMP02910,CUST011232,Fraudulent Charge,Low,02-06-2025,Resolved,16-08-2023
CMP02911,CUST010017,Reward Points Missing,Medium,15-05-2023,Resolved,29-06-2023
CMP02912,CUST002550,Fraudulent Charge,Medium,14-04-2022,Resolved,28-05-2022
CMP02913,CUST009104,Late Fee Dispute,Critical,20-01-2022,Escalated,13-02-2022
CMP02914,CUST004356,Late Fee Dispute,Medium,05-10-2025,Pending Review,29-05-2025
CMP02915,CUST003271,Reward Points Missing,Low,03-03-2023,In Progress,20-03-2023
CMP02916,CUST006539,Card Damaged,Critical,10-07-2024,In Progress,10-07-2024
CMP02917,CUST010390,App Not Working,High,07-04-2022,Escalated,08-09-2022
CMP02918,CUST012156,App Not Working,High,24-03-2022,Closed,30-04-2022
CMP02919,CUST006901,Interest Rate Query,Medium,30-09-2023,In Progress,11-10-2023
CMP02920,CUST008125,Wrong Amount Charged,Medium,10-01-2025,Pending Review,12-11-2025
CMP02921,CUST007623,Wrong Amount Charged,Low,17-03-2025,Pending Review,16-08-2023
CMP02922,CUST011726,Card Damaged,Low,07-05-2025,Open,07-08-2025
CMP02923,CUST004726,Reward Points Missing,Medium,16-04-2022,Open,21-05-2022
CMP02924,CUST010885,Card Damaged,Critical,02-08-2024,Closed,03-08-2024
CMP02925,CUST010801,Card Damaged,Medium,08-09-2023,Resolved,29-09-2023
CMP02926,CUST010646,App Not Working,Low,03-03-2026,In Progress,07-03-2026
CMP02927,CUST011381,Statement Error,High,06-09-2022,Open,20-09-2022
CMP02928,CUST008001,Statement Error,High,29-06-2026,Closed,16-08-2023
CMP02929,CUST002511,Fraudulent Charge,Low,03-11-2024,Open,04-03-2024
CMP02930,CUST004479,Card Damaged,Low,23-09-2024,Closed,24-10-2024
CMP02931,CUST006387,Billing Dispute,Medium,30-04-2026,Pending Review,17-05-2026
CMP02932,CUST011599,App Not Working,High,10-07-2022,Escalated,10-07-2022
CMP02933,CUST004910,Late Fee Dispute,Critical,25-04-2023,Pending Review,20-05-2023
CMP02934,CUST009155,App Not Working,Critical,22-07-2022,Escalated,23-07-2022
CMP02935,CUST007006,Reward Points Missing,Medium,05-08-2023,Open,18-08-2023
CMP02936,CUST012477,Fraudulent Charge,Critical,06-01-2023,Open,26-01-2023
CMP02937,CUST010095,Fraudulent Charge,High,09-12-2023,Resolved,07-01-2024
CMP02938,CUST013969,Billing Dispute,Medium,05-09-2023,Resolved,16-08-2023
CMP02939,CUST010927,Statement Error,Medium,22-05-2026,Escalated,09-06-2026
CMP02940,CUST008573,Statement Error,High,09-10-2025,In Progress,10-03-2025
CMP02941,CUST012472,Late Fee Dispute,High,25-06-2026,In Progress,15-07-2026
CMP02942,CUST002318,App Not Working,Low,16-05-2024,Open,08-06-2024
CMP02943,CUST005199,Billing Dispute,High,15-05-2023,In Progress,03-06-2023
CMP02944,CUST001181,App Not Working,Low,20-09-2023,Escalated,18-10-2023
CMP02945,CUST011773,Card Not Received,Medium,06-07-2026,In Progress,15-07-2026
CMP02946,CUST011102,Card Damaged,Medium,11-10-2022,Resolved,23-12-2022
CMP02947,CUST008849,Reward Points Missing,Low,04-02-2025,Closed,02-05-2025
CMP02948,CUST012465,Interest Rate Query,Low,05-07-2025,Escalated,15-05-2025
CMP02949,CUST000197,Billing Dispute,Medium,03-07-2022,Closed,16-08-2023
CMP02950,CUST003723,Card Not Received,High,08-06-2023,Pending Review,29-06-2023
CMP02951,CUST010611,App Not Working,Medium,28-09-2022,Closed,09-10-2022
CMP02952,CUST002776,Statement Error,High,11-08-2022,In Progress,17-11-2022
CMP02953,CUST014914,Interest Rate Query,Medium,22-09-2025,In Progress,10-07-2025
CMP02954,CUST012435,Billing Dispute,High,01-01-2025,Closed,31-01-2025
CMP02955,CUST009967,Fraudulent Charge,Medium,18-11-2023,Escalated,04-12-2023
CMP02956,CUST009742,Fraudulent Charge,High,02-08-2025,Resolved,09-12-2025
CMP02957,CUST011941,Card Damaged,High,23-06-2024,Escalated,11-07-2024
CMP02958,CUST013969,Wrong Amount Charged,Low,01-02-2024,In Progress,16-02-2024
CMP02959,CUST000258,Late Fee Dispute,High,05-05-2026,Resolved,23-05-2026
CMP02960,CUST014818,Card Damaged,High,27-03-2024,Open,04-07-2024
CMP02961,CUST002908,Wrong Amount Charged,Low,09-11-2024,Resolved,10-06-2024
CMP02962,CUST006228,App Not Working,Medium,16-06-2023,Pending Review,16-08-2023
CMP02963,CUST007984,Interest Rate Query,Critical,14-07-2023,Open,27-08-2023
CMP02964,CUST002341,Card Not Received,Low,23-07-2023,Pending Review,16-08-2023
CMP02965,CUST007505,Card Not Received,Low,17-07-2024,Resolved,13-08-2024
CMP02966,CUST001403,Reward Points Missing,Low,04-03-2024,Pending Review,Low
CMP02967,CUST009822,Statement Error,Low,20-05-2024,Open,Low
CMP02968,CUST011815,Fraudulent Charge,Low,21-10-2023,Open,Low
CMP02969,CUST005151,Fraudulent Charge,High,16-10-2024,Open,19-11-2024
CMP02970,CUST010885,Wrong Amount Charged,Low,29-04-2024,Resolved,08-06-2024
CMP02971,CUST013378,Late Fee Dispute,Low,01-07-2023,Escalated,16-07-2023
CMP02972,CUST005590,Late Fee Dispute,High,07-08-2024,Resolved,08-10-2024
CMP02973,CUST007125,Fraudulent Charge,Low,30-05-2023,Resolved,Low
CMP02974,CUST007259,Reward Points Missing,High,31-05-2026,Open,17-06-2026
CMP02975,CUST001386,Card Not Received,Low,04-07-2022,In Progress,09-08-2022
CMP02976,CUST000309,Billing Dispute,Low,02-07-2024,Open,03-06-2024
CMP02977,CUST005780,Reward Points Missing,Low,18-11-2024,Escalated,19-12-2024
CMP02978,CUST009186,Interest Rate Query,Medium,08-06-2024,Open,16-08-2023
CMP02979,CUST007246,Wrong Amount Charged,Low,08-12-2022,Open,01-11-2023
CMP02980,CUST010342,Fraudulent Charge,Low,06-10-2023,Closed,10-08-2023
CMP02981,CUST008229,Reward Points Missing,Medium,01-02-2022,Pending Review,16-08-2023
CMP02982,CUST004893,Card Damaged,Medium,20-12-2025,Resolved,02-01-2026
CMP02983,CUST007086,Late Fee Dispute,Low,19-08-2024,Closed,10-02-2024
CMP02984,CUST009151,App Not Working,Critical,02-05-2023,Open,27-05-2023
CMP02985,CUST001143,Reward Points Missing,Medium,21-12-2023,Resolved,30-01-2024
CMP02986,CUST007176,Card Damaged,Medium,05-02-2023,In Progress,07-06-2023
CMP02987,CUST013013,Fraudulent Charge,Medium,29-03-2023,Open,16-08-2023
CMP02988,CUST003603,Wrong Amount Charged,Medium,06-07-2024,Resolved,13-07-2024
CMP02989,CUST004518,Reward Points Missing,Medium,18-10-2023,Escalated,23-11-2023
CMP02990,CUST013409,Reward Points Missing,Low,22-09-2025,Pending Review,02-11-2025
CMP02991,CUST003438,Reward Points Missing,High,20-03-2026,Resolved,12-04-2026
CMP02992,CUST005607,App Not Working,High,02-09-2026,Resolved,17-02-2026
CMP02993,CUST001473,Fraudulent Charge,Low,20-07-2022,Escalated,25-08-2022
CMP02994,CUST014154,Interest Rate Query,High,28-10-2022,In Progress,17-11-2022
CMP02995,CUST003461,Interest Rate Query,Low,04-03-2024,Pending Review,19-03-2024
CMP02996,CUST012693,Card Damaged,Medium,01-06-2024,Closed,06-11-2024
CMP02997,CUST003893,Card Damaged,Critical,13-06-2026,Resolved,13-07-2026
CMP02998,CUST009111,Late Fee Dispute,High,01-05-2022,Closed,16-08-2023
CMP02999,CUST001302,Card Not Received,High,05-11-2022,Open,16-08-2023
CMP03000,CUST000928,Statement Error,Low,30-07-2022,Closed,07-08-2022
